Country_name,Land_category_code,Land_category,Year,Unit,Value
Bangladesh,6600,Country area,1961,1000 ha,14846
Bangladesh,6600,Country area,1962,1000 ha,14846
Bangladesh,6600,Country area,1963,1000 ha,14846
Bangladesh,6600,Country area,1964,1000 ha,14846
Bangladesh,6600,Country area,1965,1000 ha,14846
Bangladesh,6600,Country area,1966,1000 ha,14846
Bangladesh,6600,Country area,1967,1000 ha,14846
Bangladesh,6600,Country area,1968,1000 ha,14846
Bangladesh,6600,Country area,1969,1000 ha,14846
Bangladesh,6600,Country area,1970,1000 ha,14846
Bangladesh,6600,Country area,1971,1000 ha,14846
Bangladesh,6600,Country area,1972,1000 ha,14846
Bangladesh,6600,Country area,1973,1000 ha,14846
Bangladesh,6600,Country area,1974,1000 ha,14846
Bangladesh,6600,Country area,1975,1000 ha,14846
Bangladesh,6600,Country area,1976,1000 ha,14846
Bangladesh,6600,Country area,1977,1000 ha,14846
Bangladesh,6600,Country area,1978,1000 ha,14846
Bangladesh,6600,Country area,1979,1000 ha,14846
Bangladesh,6600,Country area,1980,1000 ha,14846
Bangladesh,6600,Country area,1981,1000 ha,14846
Bangladesh,6600,Country area,1982,1000 ha,14846
Bangladesh,6600,Country area,1983,1000 ha,14846
Bangladesh,6600,Country area,1984,1000 ha,14846
Bangladesh,6600,Country area,1985,1000 ha,14846
Bangladesh,6600,Country area,1986,1000 ha,14846
Bangladesh,6600,Country area,1987,1000 ha,14846
Bangladesh,6600,Country area,1988,1000 ha,14846
Bangladesh,6600,Country area,1989,1000 ha,14846
Bangladesh,6600,Country area,1990,1000 ha,14846
Bangladesh,6600,Country area,1991,1000 ha,14846
Bangladesh,6600,Country area,1992,1000 ha,14846
Bangladesh,6600,Country area,1993,1000 ha,14846
Bangladesh,6600,Country area,1994,1000 ha,14846
Bangladesh,6600,Country area,1995,1000 ha,14846
Bangladesh,6600,Country area,1996,1000 ha,14846
Bangladesh,6600,Country area,1997,1000 ha,14846
Bangladesh,6600,Country area,1998,1000 ha,14846
Bangladesh,6600,Country area,1999,1000 ha,14846
Bangladesh,6600,Country area,2000,1000 ha,14846
Bangladesh,6600,Country area,2001,1000 ha,14846
Bangladesh,6600,Country area,2002,1000 ha,14846
Bangladesh,6600,Country area,2003,1000 ha,14846
Bangladesh,6600,Country area,2004,1000 ha,14846
Bangladesh,6600,Country area,2005,1000 ha,14846
Bangladesh,6600,Country area,2006,1000 ha,14846
Bangladesh,6600,Country area,2007,1000 ha,14846
Bangladesh,6600,Country area,2008,1000 ha,14846
Bangladesh,6600,Country area,2009,1000 ha,14846
Bangladesh,6600,Country area,2010,1000 ha,14846
Bangladesh,6600,Country area,2011,1000 ha,14846
Bangladesh,6600,Country area,2012,1000 ha,14846
Bangladesh,6600,Country area,2013,1000 ha,14846
Bangladesh,6600,Country area,2014,1000 ha,14763
Bangladesh,6600,Country area,2015,1000 ha,14763
Bangladesh,6600,Country area,2016,1000 ha,14763
Bangladesh,6600,Country area,2017,1000 ha,14797.7
Bangladesh,6600,Country area,2018,1000 ha,14757
Bangladesh,6600,Country area,2019,1000 ha,14757
Bangladesh,6600,Country area,2020,1000 ha,14757
Bangladesh,6600,Country area,2021,1000 ha,14757
Bangladesh,6600,Country area,2022,1000 ha,14757
Bangladesh,6600,Country area,2023,1000 ha,14757
Bangladesh,6600,Country area,2024,1000 ha,14757
Bangladesh,6601,Land area,1961,1000 ha,13017
Bangladesh,6601,Land area,1962,1000 ha,13017
Bangladesh,6601,Land area,1963,1000 ha,13017
Bangladesh,6601,Land area,1964,1000 ha,13017
Bangladesh,6601,Land area,1965,1000 ha,13017
Bangladesh,6601,Land area,1966,1000 ha,13017
Bangladesh,6601,Land area,1967,1000 ha,13017
Bangladesh,6601,Land area,1968,1000 ha,13017
Bangladesh,6601,Land area,1969,1000 ha,13017
Bangladesh,6601,Land area,1970,1000 ha,13017
Bangladesh,6601,Land area,1971,1000 ha,13017
Bangladesh,6601,Land area,1972,1000 ha,13017
Bangladesh,6601,Land area,1973,1000 ha,13017
Bangladesh,6601,Land area,1974,1000 ha,13017
Bangladesh,6601,Land area,1975,1000 ha,13017
Bangladesh,6601,Land area,1976,1000 ha,13017
Bangladesh,6601,Land area,1977,1000 ha,13017
Bangladesh,6601,Land area,1978,1000 ha,13017
Bangladesh,6601,Land area,1979,1000 ha,13017
Bangladesh,6601,Land area,1980,1000 ha,13017
Bangladesh,6601,Land area,1981,1000 ha,13017
Bangladesh,6601,Land area,1982,1000 ha,13017
Bangladesh,6601,Land area,1983,1000 ha,13017
Bangladesh,6601,Land area,1984,1000 ha,13017
Bangladesh,6601,Land area,1985,1000 ha,13017
Bangladesh,6601,Land area,1986,1000 ha,13017
Bangladesh,6601,Land area,1987,1000 ha,13017
Bangladesh,6601,Land area,1988,1000 ha,13017
Bangladesh,6601,Land area,1989,1000 ha,13017
Bangladesh,6601,Land area,1990,1000 ha,13017
Bangladesh,6601,Land area,1991,1000 ha,13017
Bangladesh,6601,Land area,1992,1000 ha,13017
Bangladesh,6601,Land area,1993,1000 ha,13017
Bangladesh,6601,Land area,1994,1000 ha,13017
Bangladesh,6601,Land area,1995,1000 ha,13017
Bangladesh,6601,Land area,1996,1000 ha,13017
Bangladesh,6601,Land area,1997,1000 ha,13017
Bangladesh,6601,Land area,1998,1000 ha,13017
Bangladesh,6601,Land area,1999,1000 ha,13017
Bangladesh,6601,Land area,2000,1000 ha,13017
Bangladesh,6601,Land area,2001,1000 ha,13017
Bangladesh,6601,Land area,2002,1000 ha,13017
Bangladesh,6601,Land area,2003,1000 ha,13017
Bangladesh,6601,Land area,2004,1000 ha,13017
Bangladesh,6601,Land area,2005,1000 ha,13017
Bangladesh,6601,Land area,2006,1000 ha,13017
Bangladesh,6601,Land area,2007,1000 ha,13017
Bangladesh,6601,Land area,2008,1000 ha,13017
Bangladesh,6601,Land area,2009,1000 ha,13017
Bangladesh,6601,Land area,2010,1000 ha,13017
Bangladesh,6601,Land area,2011,1000 ha,13017
Bangladesh,6601,Land area,2012,1000 ha,13017
Bangladesh,6601,Land area,2013,1000 ha,13017
Bangladesh,6601,Land area,2014,1000 ha,13017
Bangladesh,6601,Land area,2015,1000 ha,13017
Bangladesh,6601,Land area,2016,1000 ha,13017
Bangladesh,6601,Land area,2017,1000 ha,13017
Bangladesh,6601,Land area,2018,1000 ha,13017
Bangladesh,6601,Land area,2019,1000 ha,13017
Bangladesh,6601,Land area,2020,1000 ha,13017
Bangladesh,6601,Land area,2021,1000 ha,13017
Bangladesh,6601,Land area,2022,1000 ha,13017
Bangladesh,6601,Land area,2023,1000 ha,13017
Bangladesh,6601,Land area,2024,1000 ha,13017
Bangladesh,6602,Agriculture,1961,1000 ha,9480
Bangladesh,6602,Agriculture,1962,1000 ha,9477
Bangladesh,6602,Agriculture,1963,1000 ha,9480
Bangladesh,6602,Agriculture,1964,1000 ha,9520
Bangladesh,6602,Agriculture,1965,1000 ha,9637
Bangladesh,6602,Agriculture,1966,1000 ha,9650
Bangladesh,6602,Agriculture,1967,1000 ha,9695
Bangladesh,6602,Agriculture,1968,1000 ha,9669
Bangladesh,6602,Agriculture,1969,1000 ha,9675
Bangladesh,6602,Agriculture,1970,1000 ha,9697
Bangladesh,6602,Agriculture,1971,1000 ha,9695
Bangladesh,6602,Agriculture,1972,1000 ha,9991
Bangladesh,6602,Agriculture,1973,1000 ha,9989
Bangladesh,6602,Agriculture,1974,1000 ha,9989
Bangladesh,6602,Agriculture,1975,1000 ha,10004
Bangladesh,6602,Agriculture,1976,1000 ha,9998
Bangladesh,6602,Agriculture,1977,1000 ha,9991
Bangladesh,6602,Agriculture,1978,1000 ha,9987
Bangladesh,6602,Agriculture,1979,1000 ha,9983
Bangladesh,6602,Agriculture,1980,1000 ha,9987
Bangladesh,6602,Agriculture,1981,1000 ha,9981
Bangladesh,6602,Agriculture,1982,1000 ha,9978
Bangladesh,6602,Agriculture,1983,1000 ha,9964
Bangladesh,6602,Agriculture,1984,1000 ha,10060
Bangladesh,6602,Agriculture,1985,1000 ha,10027
Bangladesh,6602,Agriculture,1986,1000 ha,10041
Bangladesh,6602,Agriculture,1987,1000 ha,10115
Bangladesh,6602,Agriculture,1988,1000 ha,10427
Bangladesh,6602,Agriculture,1989,1000 ha,10443
Bangladesh,6602,Agriculture,1990,1000 ha,10386
Bangladesh,6602,Agriculture,1991,1000 ha,10320
Bangladesh,6602,Agriculture,1992,1000 ha,9549
Bangladesh,6602,Agriculture,1993,1000 ha,9446
Bangladesh,6602,Agriculture,1994,1000 ha,9358
Bangladesh,6602,Agriculture,1995,1000 ha,9374
Bangladesh,6602,Agriculture,1996,1000 ha,9327
Bangladesh,6602,Agriculture,1997,1000 ha,9365
Bangladesh,6602,Agriculture,1998,1000 ha,9434
Bangladesh,6602,Agriculture,1999,1000 ha,9486
Bangladesh,6602,Agriculture,2000,1000 ha,9400
Bangladesh,6602,Agriculture,2001,1000 ha,9403
Bangladesh,6602,Agriculture,2002,1000 ha,9353
Bangladesh,6602,Agriculture,2003,1000 ha,9328
Bangladesh,6602,Agriculture,2004,1000 ha,9323
Bangladesh,6602,Agriculture,2005,1000 ha,9311
Bangladesh,6602,Agriculture,2006,1000 ha,9280
Bangladesh,6602,Agriculture,2007,1000 ha,9266
Bangladesh,6602,Agriculture,2008,1000 ha,9253
Bangladesh,6602,Agriculture,2009,1000 ha,9246
Bangladesh,6602,Agriculture,2010,1000 ha,9241
Bangladesh,6602,Agriculture,2011,1000 ha,9128
Bangladesh,6602,Agriculture,2012,1000 ha,9120
Bangladesh,6602,Agriculture,2013,1000 ha,9108
Bangladesh,6602,Agriculture,2014,1000 ha,9099
Bangladesh,6602,Agriculture,2015,1000 ha,9162.24
Bangladesh,6602,Agriculture,2016,1000 ha,9194.21
Bangladesh,6602,Agriculture,2017,1000 ha,9187.33
Bangladesh,6602,Agriculture,2018,1000 ha,9202.3
Bangladesh,6602,Agriculture,2019,1000 ha,9397
Bangladesh,6602,Agriculture,2020,1000 ha,9430
Bangladesh,6602,Agriculture,2021,1000 ha,9418
Bangladesh,6602,Agriculture,2022,1000 ha,9427
Bangladesh,6602,Agriculture,2023,1000 ha,9399
Bangladesh,6602,Agriculture,2024,1000 ha,9399
Bangladesh,6610,Agricultural land,1961,1000 ha,9480
Bangladesh,6610,Agricultural land,1962,1000 ha,9477
Bangladesh,6610,Agricultural land,1963,1000 ha,9480
Bangladesh,6610,Agricultural land,1964,1000 ha,9520
Bangladesh,6610,Agricultural land,1965,1000 ha,9637
Bangladesh,6610,Agricultural land,1966,1000 ha,9650
Bangladesh,6610,Agricultural land,1967,1000 ha,9695
Bangladesh,6610,Agricultural land,1968,1000 ha,9669
Bangladesh,6610,Agricultural land,1969,1000 ha,9675
Bangladesh,6610,Agricultural land,1970,1000 ha,9697
Bangladesh,6610,Agricultural land,1971,1000 ha,9695
Bangladesh,6610,Agricultural land,1972,1000 ha,9991
Bangladesh,6610,Agricultural land,1973,1000 ha,9989
Bangladesh,6610,Agricultural land,1974,1000 ha,9989
Bangladesh,6610,Agricultural land,1975,1000 ha,10004
Bangladesh,6610,Agricultural land,1976,1000 ha,9998
Bangladesh,6610,Agricultural land,1977,1000 ha,9991
Bangladesh,6610,Agricultural land,1978,1000 ha,9987
Bangladesh,6610,Agricultural land,1979,1000 ha,9983
Bangladesh,6610,Agricultural land,1980,1000 ha,9987
Bangladesh,6610,Agricultural land,1981,1000 ha,9981
Bangladesh,6610,Agricultural land,1982,1000 ha,9978
Bangladesh,6610,Agricultural land,1983,1000 ha,9964
Bangladesh,6610,Agricultural land,1984,1000 ha,10060
Bangladesh,6610,Agricultural land,1985,1000 ha,10027
Bangladesh,6610,Agricultural land,1986,1000 ha,10041
Bangladesh,6610,Agricultural land,1987,1000 ha,10115
Bangladesh,6610,Agricultural land,1988,1000 ha,10427
Bangladesh,6610,Agricultural land,1989,1000 ha,10443
Bangladesh,6610,Agricultural land,1990,1000 ha,10386
Bangladesh,6610,Agricultural land,1991,1000 ha,10320
Bangladesh,6610,Agricultural land,1992,1000 ha,9549
Bangladesh,6610,Agricultural land,1993,1000 ha,9446
Bangladesh,6610,Agricultural land,1994,1000 ha,9358
Bangladesh,6610,Agricultural land,1995,1000 ha,9374
Bangladesh,6610,Agricultural land,1996,1000 ha,9327
Bangladesh,6610,Agricultural land,1997,1000 ha,9365
Bangladesh,6610,Agricultural land,1998,1000 ha,9434
Bangladesh,6610,Agricultural land,1999,1000 ha,9486
Bangladesh,6610,Agricultural land,2000,1000 ha,9400
Bangladesh,6610,Agricultural land,2001,1000 ha,9403
Bangladesh,6610,Agricultural land,2002,1000 ha,9353
Bangladesh,6610,Agricultural land,2003,1000 ha,9328
Bangladesh,6610,Agricultural land,2004,1000 ha,9323
Bangladesh,6610,Agricultural land,2005,1000 ha,9311
Bangladesh,6610,Agricultural land,2006,1000 ha,9280
Bangladesh,6610,Agricultural land,2007,1000 ha,9266
Bangladesh,6610,Agricultural land,2008,1000 ha,9253
Bangladesh,6610,Agricultural land,2009,1000 ha,9246
Bangladesh,6610,Agricultural land,2010,1000 ha,9241
Bangladesh,6610,Agricultural land,2011,1000 ha,9128
Bangladesh,6610,Agricultural land,2012,1000 ha,9120
Bangladesh,6610,Agricultural land,2013,1000 ha,9108
Bangladesh,6610,Agricultural land,2014,1000 ha,9099
Bangladesh,6610,Agricultural land,2015,1000 ha,9162.24
Bangladesh,6610,Agricultural land,2016,1000 ha,9194.21
Bangladesh,6610,Agricultural land,2017,1000 ha,9187.33
Bangladesh,6610,Agricultural land,2018,1000 ha,9202.3
Bangladesh,6610,Agricultural land,2019,1000 ha,9397
Bangladesh,6610,Agricultural land,2020,1000 ha,9430
Bangladesh,6610,Agricultural land,2021,1000 ha,9418
Bangladesh,6610,Agricultural land,2022,1000 ha,9427
Bangladesh,6610,Agricultural land,2023,1000 ha,9399
Bangladesh,6610,Agricultural land,2024,1000 ha,9399
Bangladesh,6620,Cropland,1961,1000 ha,8880
Bangladesh,6620,Cropland,1962,1000 ha,8877
Bangladesh,6620,Cropland,1963,1000 ha,8880
Bangladesh,6620,Cropland,1964,1000 ha,8920
Bangladesh,6620,Cropland,1965,1000 ha,9037
Bangladesh,6620,Cropland,1966,1000 ha,9050
Bangladesh,6620,Cropland,1967,1000 ha,9095
Bangladesh,6620,Cropland,1968,1000 ha,9069
Bangladesh,6620,Cropland,1969,1000 ha,9075
Bangladesh,6620,Cropland,1970,1000 ha,9097
Bangladesh,6620,Cropland,1971,1000 ha,9095
Bangladesh,6620,Cropland,1972,1000 ha,9391
Bangladesh,6620,Cropland,1973,1000 ha,9389
Bangladesh,6620,Cropland,1974,1000 ha,9389
Bangladesh,6620,Cropland,1975,1000 ha,9404
Bangladesh,6620,Cropland,1976,1000 ha,9398
Bangladesh,6620,Cropland,1977,1000 ha,9391
Bangladesh,6620,Cropland,1978,1000 ha,9387
Bangladesh,6620,Cropland,1979,1000 ha,9383
Bangladesh,6620,Cropland,1980,1000 ha,9387
Bangladesh,6620,Cropland,1981,1000 ha,9381
Bangladesh,6620,Cropland,1982,1000 ha,9378
Bangladesh,6620,Cropland,1983,1000 ha,9364
Bangladesh,6620,Cropland,1984,1000 ha,9460
Bangladesh,6620,Cropland,1985,1000 ha,9427
Bangladesh,6620,Cropland,1986,1000 ha,9441
Bangladesh,6620,Cropland,1987,1000 ha,9515
Bangladesh,6620,Cropland,1988,1000 ha,9827
Bangladesh,6620,Cropland,1989,1000 ha,9843
Bangladesh,6620,Cropland,1990,1000 ha,9786
Bangladesh,6620,Cropland,1991,1000 ha,9720
Bangladesh,6620,Cropland,1992,1000 ha,8949
Bangladesh,6620,Cropland,1993,1000 ha,8846
Bangladesh,6620,Cropland,1994,1000 ha,8758
Bangladesh,6620,Cropland,1995,1000 ha,8774
Bangladesh,6620,Cropland,1996,1000 ha,8727
Bangladesh,6620,Cropland,1997,1000 ha,8765
Bangladesh,6620,Cropland,1998,1000 ha,8834
Bangladesh,6620,Cropland,1999,1000 ha,8886
Bangladesh,6620,Cropland,2000,1000 ha,8800
Bangladesh,6620,Cropland,2001,1000 ha,8803
Bangladesh,6620,Cropland,2002,1000 ha,8753
Bangladesh,6620,Cropland,2003,1000 ha,8728
Bangladesh,6620,Cropland,2004,1000 ha,8723
Bangladesh,6620,Cropland,2005,1000 ha,8711
Bangladesh,6620,Cropland,2006,1000 ha,8680
Bangladesh,6620,Cropland,2007,1000 ha,8666
Bangladesh,6620,Cropland,2008,1000 ha,8653
Bangladesh,6620,Cropland,2009,1000 ha,8646
Bangladesh,6620,Cropland,2010,1000 ha,8641
Bangladesh,6620,Cropland,2011,1000 ha,8528
Bangladesh,6620,Cropland,2012,1000 ha,8520
Bangladesh,6620,Cropland,2013,1000 ha,8508
Bangladesh,6620,Cropland,2014,1000 ha,8499
Bangladesh,6620,Cropland,2015,1000 ha,8562.24
Bangladesh,6620,Cropland,2016,1000 ha,8594.21
Bangladesh,6620,Cropland,2017,1000 ha,8587.33
Bangladesh,6620,Cropland,2018,1000 ha,8602.3
Bangladesh,6620,Cropland,2019,1000 ha,8797
Bangladesh,6620,Cropland,2020,1000 ha,8830
Bangladesh,6620,Cropland,2021,1000 ha,8818
Bangladesh,6620,Cropland,2022,1000 ha,8827
Bangladesh,6620,Cropland,2023,1000 ha,8799
Bangladesh,6620,Cropland,2024,1000 ha,8799
Bangladesh,6621,Arable land,1961,1000 ha,8605
Bangladesh,6621,Arable land,1962,1000 ha,8597
Bangladesh,6621,Arable land,1963,1000 ha,8605
Bangladesh,6621,Arable land,1964,1000 ha,8640
Bangladesh,6621,Arable land,1965,1000 ha,8777
Bangladesh,6621,Arable land,1966,1000 ha,8798
Bangladesh,6621,Arable land,1967,1000 ha,8843
Bangladesh,6621,Arable land,1968,1000 ha,8829
Bangladesh,6621,Arable land,1969,1000 ha,8810
Bangladesh,6621,Arable land,1970,1000 ha,8837
Bangladesh,6621,Arable land,1971,1000 ha,8837
Bangladesh,6621,Arable land,1972,1000 ha,9133
Bangladesh,6621,Arable land,1973,1000 ha,9131
Bangladesh,6621,Arable land,1974,1000 ha,9131
Bangladesh,6621,Arable land,1975,1000 ha,9144
Bangladesh,6621,Arable land,1976,1000 ha,9138
Bangladesh,6621,Arable land,1977,1000 ha,9131
Bangladesh,6621,Arable land,1978,1000 ha,9125
Bangladesh,6621,Arable land,1979,1000 ha,9118
Bangladesh,6621,Arable land,1980,1000 ha,9121
Bangladesh,6621,Arable land,1981,1000 ha,9109
Bangladesh,6621,Arable land,1982,1000 ha,9104
Bangladesh,6621,Arable land,1983,1000 ha,9089
Bangladesh,6621,Arable land,1984,1000 ha,9185
Bangladesh,6621,Arable land,1985,1000 ha,9152
Bangladesh,6621,Arable land,1986,1000 ha,9161
Bangladesh,6621,Arable land,1987,1000 ha,9235
Bangladesh,6621,Arable land,1988,1000 ha,9537
Bangladesh,6621,Arable land,1989,1000 ha,9553
Bangladesh,6621,Arable land,1990,1000 ha,9456
Bangladesh,6621,Arable land,1991,1000 ha,9385
Bangladesh,6621,Arable land,1992,1000 ha,8609
Bangladesh,6621,Arable land,1993,1000 ha,8506
Bangladesh,6621,Arable land,1994,1000 ha,8408
Bangladesh,6621,Arable land,1995,1000 ha,8404
Bangladesh,6621,Arable land,1996,1000 ha,8357
Bangladesh,6621,Arable land,1997,1000 ha,8390
Bangladesh,6621,Arable land,1998,1000 ha,8454
Bangladesh,6621,Arable land,1999,1000 ha,8436
Bangladesh,6621,Arable land,2000,1000 ha,8350
Bangladesh,6621,Arable land,2001,1000 ha,8373.501
Bangladesh,6621,Arable land,2002,1000 ha,8321.404
Bangladesh,6621,Arable land,2003,1000 ha,8288.57
Bangladesh,6621,Arable land,2004,1000 ha,8199.642
Bangladesh,6621,Arable land,2005,1000 ha,8110.049
Bangladesh,6621,Arable land,2006,1000 ha,8077.737
Bangladesh,6621,Arable land,2007,1000 ha,8025.695
Bangladesh,6621,Arable land,2008,1000 ha,8005.025
Bangladesh,6621,Arable land,2009,1000 ha,7989.037
Bangladesh,6621,Arable land,2010,1000 ha,7976.331
Bangladesh,6621,Arable land,2011,1000 ha,7891.045
Bangladesh,6621,Arable land,2012,1000 ha,7857.941
Bangladesh,6621,Arable land,2013,1000 ha,7721.118
Bangladesh,6621,Arable land,2014,1000 ha,7703.371
Bangladesh,6621,Arable land,2015,1000 ha,7776.557
Bangladesh,6621,Arable land,2016,1000 ha,7870
Bangladesh,6621,Arable land,2017,1000 ha,7799.858
Bangladesh,6621,Arable land,2018,1000 ha,7771.66
Bangladesh,6621,Arable land,2019,1000 ha,7854.041
Bangladesh,6621,Arable land,2020,1000 ha,7960.943
Bangladesh,6621,Arable land,2021,1000 ha,7957.238
Bangladesh,6621,Arable land,2022,1000 ha,8000.718
Bangladesh,6621,Arable land,2023,1000 ha,7958.992
Bangladesh,6621,Arable land,2024,1000 ha,7877
Bangladesh,6630,Temporary crops,2001,1000 ha,5973.58
Bangladesh,6630,Temporary crops,2002,1000 ha,5949.48
Bangladesh,6630,Temporary crops,2003,1000 ha,5946.48
Bangladesh,6630,Temporary crops,2004,1000 ha,5897.4
Bangladesh,6630,Temporary crops,2005,1000 ha,5850.81
Bangladesh,6630,Temporary crops,2006,1000 ha,5867.94
Bangladesh,6630,Temporary crops,2007,1000 ha,5846.97
Bangladesh,6630,Temporary crops,2008,1000 ha,5901.92
Bangladesh,6630,Temporary crops,2009,1000 ha,5941.32
Bangladesh,6630,Temporary crops,2010,1000 ha,5956.82
Bangladesh,6630,Temporary crops,2011,1000 ha,5954.85
Bangladesh,6630,Temporary crops,2012,1000 ha,5930.77
Bangladesh,6630,Temporary crops,2013,1000 ha,5873.6
Bangladesh,6630,Temporary crops,2014,1000 ha,5879.5
Bangladesh,6630,Temporary crops,2015,1000 ha,5920.62
Bangladesh,6630,Temporary crops,2016,1000 ha,6004
Bangladesh,6630,Temporary crops,2017,1000 ha,5968.51
Bangladesh,6630,Temporary crops,2018,1000 ha,5942.74
Bangladesh,6630,Temporary crops,2019,1000 ha,6032.81
Bangladesh,6630,Temporary crops,2020,1000 ha,6146.47
Bangladesh,6630,Temporary crops,2021,1000 ha,6196.4
Bangladesh,6630,Temporary crops,2022,1000 ha,6230.25
Bangladesh,6630,Temporary crops,2023,1000 ha,6197.76
Bangladesh,6630,Temporary crops,2024,1000 ha,6133.91
Bangladesh,6633,Temporary meadows and pastures,2001,1000 ha,2000.92
Bangladesh,6633,Temporary meadows and pastures,2002,1000 ha,1965.93
Bangladesh,6633,Temporary meadows and pastures,2003,1000 ha,1955.09
Bangladesh,6633,Temporary meadows and pastures,2004,1000 ha,1915.24
Bangladesh,6633,Temporary meadows and pastures,2005,1000 ha,1790.23
Bangladesh,6633,Temporary meadows and pastures,2006,1000 ha,1595.8
Bangladesh,6633,Temporary meadows and pastures,2007,1000 ha,1565.72
Bangladesh,6633,Temporary meadows and pastures,2008,1000 ha,1456.1
Bangladesh,6633,Temporary meadows and pastures,2009,1000 ha,1574.72
Bangladesh,6633,Temporary meadows and pastures,2010,1000 ha,1488.51
Bangladesh,6633,Temporary meadows and pastures,2011,1000 ha,1469.19
Bangladesh,6633,Temporary meadows and pastures,2012,1000 ha,1551.17
Bangladesh,6633,Temporary meadows and pastures,2013,1000 ha,1455.52
Bangladesh,6633,Temporary meadows and pastures,2014,1000 ha,1447.87
Bangladesh,6633,Temporary meadows and pastures,2015,1000 ha,1434.24
Bangladesh,6633,Temporary meadows and pastures,2016,1000 ha,1457.66
Bangladesh,6633,Temporary meadows and pastures,2017,1000 ha,1429.05
Bangladesh,6633,Temporary meadows and pastures,2018,1000 ha,1461.92
Bangladesh,6633,Temporary meadows and pastures,2019,1000 ha,1366.23
Bangladesh,6633,Temporary meadows and pastures,2020,1000 ha,1383.47
Bangladesh,6633,Temporary meadows and pastures,2021,1000 ha,1308.84
Bangladesh,6633,Temporary meadows and pastures,2022,1000 ha,1282.46
Bangladesh,6633,Temporary meadows and pastures,2023,1000 ha,1281.23
Bangladesh,6633,Temporary meadows and pastures,2024,1000 ha,1263.09
Bangladesh,6640,Temporary fallow,2001,1000 ha,399
Bangladesh,6640,Temporary fallow,2002,1000 ha,406
Bangladesh,6640,Temporary fallow,2003,1000 ha,387
Bangladesh,6640,Temporary fallow,2004,1000 ha,387
Bangladesh,6640,Temporary fallow,2005,1000 ha,469
Bangladesh,6640,Temporary fallow,2006,1000 ha,614
Bangladesh,6640,Temporary fallow,2007,1000 ha,613
Bangladesh,6640,Temporary fallow,2008,1000 ha,647
Bangladesh,6640,Temporary fallow,2009,1000 ha,473
Bangladesh,6640,Temporary fallow,2010,1000 ha,531
Bangladesh,6640,Temporary fallow,2011,1000 ha,467
Bangladesh,6640,Temporary fallow,2012,1000 ha,376
Bangladesh,6640,Temporary fallow,2013,1000 ha,392
Bangladesh,6640,Temporary fallow,2014,1000 ha,376
Bangladesh,6640,Temporary fallow,2015,1000 ha,421.7
Bangladesh,6640,Temporary fallow,2016,1000 ha,408.34
Bangladesh,6640,Temporary fallow,2017,1000 ha,402.3
Bangladesh,6640,Temporary fallow,2018,1000 ha,367
Bangladesh,6640,Temporary fallow,2019,1000 ha,455
Bangladesh,6640,Temporary fallow,2020,1000 ha,431
Bangladesh,6640,Temporary fallow,2021,1000 ha,452
Bangladesh,6640,Temporary fallow,2022,1000 ha,488
Bangladesh,6640,Temporary fallow,2023,1000 ha,480
Bangladesh,6640,Temporary fallow,2024,1000 ha,480
Bangladesh,6650,Permanent crops,1961,1000 ha,275
Bangladesh,6650,Permanent crops,1962,1000 ha,280
Bangladesh,6650,Permanent crops,1963,1000 ha,275
Bangladesh,6650,Permanent crops,1964,1000 ha,280
Bangladesh,6650,Permanent crops,1965,1000 ha,260
Bangladesh,6650,Permanent crops,1966,1000 ha,252
Bangladesh,6650,Permanent crops,1967,1000 ha,252
Bangladesh,6650,Permanent crops,1968,1000 ha,240
Bangladesh,6650,Permanent crops,1969,1000 ha,265
Bangladesh,6650,Permanent crops,1970,1000 ha,260
Bangladesh,6650,Permanent crops,1971,1000 ha,258
Bangladesh,6650,Permanent crops,1972,1000 ha,258
Bangladesh,6650,Permanent crops,1973,1000 ha,258
Bangladesh,6650,Permanent crops,1974,1000 ha,258
Bangladesh,6650,Permanent crops,1975,1000 ha,260
Bangladesh,6650,Permanent crops,1976,1000 ha,260
Bangladesh,6650,Permanent crops,1977,1000 ha,260
Bangladesh,6650,Permanent crops,1978,1000 ha,262
Bangladesh,6650,Permanent crops,1979,1000 ha,265
Bangladesh,6650,Permanent crops,1980,1000 ha,266
Bangladesh,6650,Permanent crops,1981,1000 ha,272
Bangladesh,6650,Permanent crops,1982,1000 ha,274
Bangladesh,6650,Permanent crops,1983,1000 ha,275
Bangladesh,6650,Permanent crops,1984,1000 ha,275
Bangladesh,6650,Permanent crops,1985,1000 ha,275
Bangladesh,6650,Permanent crops,1986,1000 ha,280
Bangladesh,6650,Permanent crops,1987,1000 ha,280
Bangladesh,6650,Permanent crops,1988,1000 ha,290
Bangladesh,6650,Permanent crops,1989,1000 ha,290
Bangladesh,6650,Permanent crops,1990,1000 ha,330
Bangladesh,6650,Permanent crops,1991,1000 ha,335
Bangladesh,6650,Permanent crops,1992,1000 ha,340
Bangladesh,6650,Permanent crops,1993,1000 ha,340
Bangladesh,6650,Permanent crops,1994,1000 ha,350
Bangladesh,6650,Permanent crops,1995,1000 ha,370
Bangladesh,6650,Permanent crops,1996,1000 ha,370
Bangladesh,6650,Permanent crops,1997,1000 ha,375
Bangladesh,6650,Permanent crops,1998,1000 ha,380
Bangladesh,6650,Permanent crops,1999,1000 ha,450
Bangladesh,6650,Permanent crops,2000,1000 ha,450
Bangladesh,6650,Permanent crops,2001,1000 ha,429.5
Bangladesh,6650,Permanent crops,2002,1000 ha,431.6
Bangladesh,6650,Permanent crops,2003,1000 ha,439.43
Bangladesh,6650,Permanent crops,2004,1000 ha,523.36
Bangladesh,6650,Permanent crops,2005,1000 ha,600.95
Bangladesh,6650,Permanent crops,2006,1000 ha,602.26
Bangladesh,6650,Permanent crops,2007,1000 ha,640.31
Bangladesh,6650,Permanent crops,2008,1000 ha,647.98
Bangladesh,6650,Permanent crops,2009,1000 ha,656.96
Bangladesh,6650,Permanent crops,2010,1000 ha,664.67
Bangladesh,6650,Permanent crops,2011,1000 ha,636.96
Bangladesh,6650,Permanent crops,2012,1000 ha,662.06
Bangladesh,6650,Permanent crops,2013,1000 ha,786.88
Bangladesh,6650,Permanent crops,2014,1000 ha,795.63
Bangladesh,6650,Permanent crops,2015,1000 ha,785.68
Bangladesh,6650,Permanent crops,2016,1000 ha,724.21
Bangladesh,6650,Permanent crops,2017,1000 ha,787.47
Bangladesh,6650,Permanent crops,2018,1000 ha,830.64
Bangladesh,6650,Permanent crops,2019,1000 ha,942.96
Bangladesh,6650,Permanent crops,2020,1000 ha,869.06
Bangladesh,6650,Permanent crops,2021,1000 ha,860.76
Bangladesh,6650,Permanent crops,2022,1000 ha,826.28
Bangladesh,6650,Permanent crops,2023,1000 ha,840.01
Bangladesh,6650,Permanent crops,2024,1000 ha,922
Bangladesh,6655,Permanent meadows and pastures,1961,1000 ha,600
Bangladesh,6655,Permanent meadows and pastures,1962,1000 ha,600
Bangladesh,6655,Permanent meadows and pastures,1963,1000 ha,600
Bangladesh,6655,Permanent meadows and pastures,1964,1000 ha,600
Bangladesh,6655,Permanent meadows and pastures,1965,1000 ha,600
Bangladesh,6655,Permanent meadows and pastures,1966,1000 ha,600
Bangladesh,6655,Permanent meadows and pastures,1967,1000 ha,600
Bangladesh,6655,Permanent meadows and pastures,1968,1000 ha,600
Bangladesh,6655,Permanent meadows and pastures,1969,1000 ha,600
Bangladesh,6655,Permanent meadows and pastures,1970,1000 ha,600
Bangladesh,6655,Permanent meadows and pastures,1971,1000 ha,600
Bangladesh,6655,Permanent meadows and pastures,1972,1000 ha,600
Bangladesh,6655,Permanent meadows and pastures,1973,1000 ha,600
Bangladesh,6655,Permanent meadows and pastures,1974,1000 ha,600
Bangladesh,6655,Permanent meadows and pastures,1975,1000 ha,600
Bangladesh,6655,Permanent meadows and pastures,1976,1000 ha,600
Bangladesh,6655,Permanent meadows and pastures,1977,1000 ha,600
Bangladesh,6655,Permanent meadows and pastures,1978,1000 ha,600
Bangladesh,6655,Permanent meadows and pastures,1979,1000 ha,600
Bangladesh,6655,Permanent meadows and pastures,1980,1000 ha,600
Bangladesh,6655,Permanent meadows and pastures,1981,1000 ha,600
Bangladesh,6655,Permanent meadows and pastures,1982,1000 ha,600
Bangladesh,6655,Permanent meadows and pastures,1983,1000 ha,600
Bangladesh,6655,Permanent meadows and pastures,1984,1000 ha,600
Bangladesh,6655,Permanent meadows and pastures,1985,1000 ha,600
Bangladesh,6655,Permanent meadows and pastures,1986,1000 ha,600
Bangladesh,6655,Permanent meadows and pastures,1987,1000 ha,600
Bangladesh,6655,Permanent meadows and pastures,1988,1000 ha,600
Bangladesh,6655,Permanent meadows and pastures,1989,1000 ha,600
Bangladesh,6655,Permanent meadows and pastures,1990,1000 ha,600
Bangladesh,6655,Permanent meadows and pastures,1991,1000 ha,600
Bangladesh,6655,Permanent meadows and pastures,1992,1000 ha,600
Bangladesh,6655,Permanent meadows and pastures,1993,1000 ha,600
Bangladesh,6655,Permanent meadows and pastures,1994,1000 ha,600
Bangladesh,6655,Permanent meadows and pastures,1995,1000 ha,600
Bangladesh,6655,Permanent meadows and pastures,1996,1000 ha,600
Bangladesh,6655,Permanent meadows and pastures,1997,1000 ha,600
Bangladesh,6655,Permanent meadows and pastures,1998,1000 ha,600
Bangladesh,6655,Permanent meadows and pastures,1999,1000 ha,600
Bangladesh,6655,Permanent meadows and pastures,2000,1000 ha,600
Bangladesh,6655,Permanent meadows and pastures,2001,1000 ha,600
Bangladesh,6655,Permanent meadows and pastures,2002,1000 ha,600
Bangladesh,6655,Permanent meadows and pastures,2003,1000 ha,600
Bangladesh,6655,Permanent meadows and pastures,2004,1000 ha,600
Bangladesh,6655,Permanent meadows and pastures,2005,1000 ha,600
Bangladesh,6655,Permanent meadows and pastures,2006,1000 ha,600
Bangladesh,6655,Permanent meadows and pastures,2007,1000 ha,600
Bangladesh,6655,Permanent meadows and pastures,2008,1000 ha,600
Bangladesh,6655,Permanent meadows and pastures,2009,1000 ha,600
Bangladesh,6655,Permanent meadows and pastures,2010,1000 ha,600
Bangladesh,6655,Permanent meadows and pastures,2011,1000 ha,600
Bangladesh,6655,Permanent meadows and pastures,2012,1000 ha,600
Bangladesh,6655,Permanent meadows and pastures,2013,1000 ha,600
Bangladesh,6655,Permanent meadows and pastures,2014,1000 ha,600
Bangladesh,6655,Permanent meadows and pastures,2015,1000 ha,600
Bangladesh,6655,Permanent meadows and pastures,2016,1000 ha,600
Bangladesh,6655,Permanent meadows and pastures,2017,1000 ha,600
Bangladesh,6655,Permanent meadows and pastures,2018,1000 ha,600
Bangladesh,6655,Permanent meadows and pastures,2019,1000 ha,600
Bangladesh,6655,Permanent meadows and pastures,2020,1000 ha,600
Bangladesh,6655,Permanent meadows and pastures,2021,1000 ha,600
Bangladesh,6655,Permanent meadows and pastures,2022,1000 ha,600
Bangladesh,6655,Permanent meadows and pastures,2023,1000 ha,600
Bangladesh,6655,Permanent meadows and pastures,2024,1000 ha,600
Bangladesh,6646,Forest land,1990,1000 ha,1985.31
Bangladesh,6646,Forest land,1991,1000 ha,1978.81
Bangladesh,6646,Forest land,1992,1000 ha,1972.31
Bangladesh,6646,Forest land,1993,1000 ha,1965.82
Bangladesh,6646,Forest land,1994,1000 ha,1959.32
Bangladesh,6646,Forest land,1995,1000 ha,1952.82
Bangladesh,6646,Forest land,1996,1000 ha,1946.32
Bangladesh,6646,Forest land,1997,1000 ha,1939.82
Bangladesh,6646,Forest land,1998,1000 ha,1933.33
Bangladesh,6646,Forest land,1999,1000 ha,1926.83
Bangladesh,6646,Forest land,2000,1000 ha,1920.33
Bangladesh,6646,Forest land,2001,1000 ha,1917.12
Bangladesh,6646,Forest land,2002,1000 ha,1913.91
Bangladesh,6646,Forest land,2003,1000 ha,1910.7
Bangladesh,6646,Forest land,2004,1000 ha,1907.49
Bangladesh,6646,Forest land,2005,1000 ha,1904.29
Bangladesh,6646,Forest land,2006,1000 ha,1901.08
Bangladesh,6646,Forest land,2007,1000 ha,1897.87
Bangladesh,6646,Forest land,2008,1000 ha,1894.66
Bangladesh,6646,Forest land,2009,1000 ha,1891.45
Bangladesh,6646,Forest land,2010,1000 ha,1888.24
Bangladesh,6646,Forest land,2011,1000 ha,1887.25
Bangladesh,6646,Forest land,2012,1000 ha,1886.26
Bangladesh,6646,Forest land,2013,1000 ha,1885.28
Bangladesh,6646,Forest land,2014,1000 ha,1884.29
Bangladesh,6646,Forest land,2015,1000 ha,1883.3
Bangladesh,6646,Forest land,2016,1000 ha,1882.31
Bangladesh,6646,Forest land,2017,1000 ha,1881.32
Bangladesh,6646,Forest land,2018,1000 ha,1880.34
Bangladesh,6646,Forest land,2019,1000 ha,1879.35
Bangladesh,6646,Forest land,2020,1000 ha,1878.36
Bangladesh,6646,Forest land,2021,1000 ha,1877.37
Bangladesh,6646,Forest land,2022,1000 ha,1876.38
Bangladesh,6646,Forest land,2023,1000 ha,1875.4
Bangladesh,6646,Forest land,2024,1000 ha,1874.41
Bangladesh,6646,Forest land,2025,1000 ha,1873.42
Bangladesh,6717,Naturally regenerating forest,1990,1000 ha,1895.54
Bangladesh,6717,Naturally regenerating forest,1991,1000 ha,1890.5
Bangladesh,6717,Naturally regenerating forest,1992,1000 ha,1885.46
Bangladesh,6717,Naturally regenerating forest,1993,1000 ha,1880.43
Bangladesh,6717,Naturally regenerating forest,1994,1000 ha,1875.39
Bangladesh,6717,Naturally regenerating forest,1995,1000 ha,1870.35
Bangladesh,6717,Naturally regenerating forest,1996,1000 ha,1865.31
Bangladesh,6717,Naturally regenerating forest,1997,1000 ha,1860.27
Bangladesh,6717,Naturally regenerating forest,1998,1000 ha,1855.24
Bangladesh,6717,Naturally regenerating forest,1999,1000 ha,1850.2
Bangladesh,6717,Naturally regenerating forest,2000,1000 ha,1845.16
Bangladesh,6717,Naturally regenerating forest,2001,1000 ha,1842.28
Bangladesh,6717,Naturally regenerating forest,2002,1000 ha,1839.39
Bangladesh,6717,Naturally regenerating forest,2003,1000 ha,1836.51
Bangladesh,6717,Naturally regenerating forest,2004,1000 ha,1833.62
Bangladesh,6717,Naturally regenerating forest,2005,1000 ha,1830.74
Bangladesh,6717,Naturally regenerating forest,2006,1000 ha,1827.85
Bangladesh,6717,Naturally regenerating forest,2007,1000 ha,1824.97
Bangladesh,6717,Naturally regenerating forest,2008,1000 ha,1822.08
Bangladesh,6717,Naturally regenerating forest,2009,1000 ha,1819.2
Bangladesh,6717,Naturally regenerating forest,2010,1000 ha,1816.31
Bangladesh,6717,Naturally regenerating forest,2011,1000 ha,1798.09
Bangladesh,6717,Naturally regenerating forest,2012,1000 ha,1779.87
Bangladesh,6717,Naturally regenerating forest,2013,1000 ha,1761.65
Bangladesh,6717,Naturally regenerating forest,2014,1000 ha,1743.43
Bangladesh,6717,Naturally regenerating forest,2015,1000 ha,1725.21
Bangladesh,6717,Naturally regenerating forest,2016,1000 ha,1707.02
Bangladesh,6717,Naturally regenerating forest,2017,1000 ha,1688.83
Bangladesh,6717,Naturally regenerating forest,2018,1000 ha,1670.63
Bangladesh,6717,Naturally regenerating forest,2019,1000 ha,1652.44
Bangladesh,6717,Naturally regenerating forest,2020,1000 ha,1634.25
Bangladesh,6717,Naturally regenerating forest,2021,1000 ha,1616.03
Bangladesh,6717,Naturally regenerating forest,2022,1000 ha,1597.81
Bangladesh,6717,Naturally regenerating forest,2023,1000 ha,1579.6
Bangladesh,6717,Naturally regenerating forest,2024,1000 ha,1561.38
Bangladesh,6717,Naturally regenerating forest,2025,1000 ha,1543.16
Bangladesh,6716,Planted Forest,1990,1000 ha,89.77
Bangladesh,6716,Planted Forest,1991,1000 ha,88.31
Bangladesh,6716,Planted Forest,1992,1000 ha,86.85
Bangladesh,6716,Planted Forest,1993,1000 ha,85.39
Bangladesh,6716,Planted Forest,1994,1000 ha,83.93
Bangladesh,6716,Planted Forest,1995,1000 ha,82.47
Bangladesh,6716,Planted Forest,1996,1000 ha,81.01
Bangladesh,6716,Planted Forest,1997,1000 ha,79.55
Bangladesh,6716,Planted Forest,1998,1000 ha,78.09
Bangladesh,6716,Planted Forest,1999,1000 ha,76.63
Bangladesh,6716,Planted Forest,2000,1000 ha,75.17
Bangladesh,6716,Planted Forest,2001,1000 ha,74.85
Bangladesh,6716,Planted Forest,2002,1000 ha,74.52
Bangladesh,6716,Planted Forest,2003,1000 ha,74.2
Bangladesh,6716,Planted Forest,2004,1000 ha,73.87
Bangladesh,6716,Planted Forest,2005,1000 ha,73.55
Bangladesh,6716,Planted Forest,2006,1000 ha,73.23
Bangladesh,6716,Planted Forest,2007,1000 ha,72.9
Bangladesh,6716,Planted Forest,2008,1000 ha,72.58
Bangladesh,6716,Planted Forest,2009,1000 ha,72.25
Bangladesh,6716,Planted Forest,2010,1000 ha,71.93
Bangladesh,6716,Planted Forest,2011,1000 ha,89.16
Bangladesh,6716,Planted Forest,2012,1000 ha,106.39
Bangladesh,6716,Planted Forest,2013,1000 ha,123.63
Bangladesh,6716,Planted Forest,2014,1000 ha,140.86
Bangladesh,6716,Planted Forest,2015,1000 ha,158.09
Bangladesh,6716,Planted Forest,2016,1000 ha,175.31
Bangladesh,6716,Planted Forest,2017,1000 ha,192.54
Bangladesh,6716,Planted Forest,2018,1000 ha,209.76
Bangladesh,6716,Planted Forest,2019,1000 ha,226.99
Bangladesh,6716,Planted Forest,2020,1000 ha,244.21
Bangladesh,6716,Planted Forest,2021,1000 ha,261.44
Bangladesh,6716,Planted Forest,2022,1000 ha,278.67
Bangladesh,6716,Planted Forest,2023,1000 ha,295.89
Bangladesh,6716,Planted Forest,2024,1000 ha,313.12
Bangladesh,6716,Planted Forest,2025,1000 ha,330.35
Bangladesh,6670,Other land,1990,1000 ha,645.69
Bangladesh,6670,Other land,1991,1000 ha,718.19
Bangladesh,6670,Other land,1992,1000 ha,1495.69
Bangladesh,6670,Other land,1993,1000 ha,1605.18
Bangladesh,6670,Other land,1994,1000 ha,1699.68
Bangladesh,6670,Other land,1995,1000 ha,1690.18
Bangladesh,6670,Other land,1996,1000 ha,1743.68
Bangladesh,6670,Other land,1997,1000 ha,1712.18
Bangladesh,6670,Other land,1998,1000 ha,1649.67
Bangladesh,6670,Other land,1999,1000 ha,1604.17
Bangladesh,6670,Other land,2000,1000 ha,1696.67
Bangladesh,6670,Other land,2001,1000 ha,1696.88
Bangladesh,6670,Other land,2002,1000 ha,1750.09
Bangladesh,6670,Other land,2003,1000 ha,1778.3
Bangladesh,6670,Other land,2004,1000 ha,1786.51
Bangladesh,6670,Other land,2005,1000 ha,1801.72
Bangladesh,6670,Other land,2006,1000 ha,1835.92
Bangladesh,6670,Other land,2007,1000 ha,1853.13
Bangladesh,6670,Other land,2008,1000 ha,1869.34
Bangladesh,6670,Other land,2009,1000 ha,1879.55
Bangladesh,6670,Other land,2010,1000 ha,1887.76
Bangladesh,6670,Other land,2011,1000 ha,2001.75
Bangladesh,6670,Other land,2012,1000 ha,2010.74
Bangladesh,6670,Other land,2013,1000 ha,2023.72
Bangladesh,6670,Other land,2014,1000 ha,2033.71
Bangladesh,6670,Other land,2015,1000 ha,1971.46
Bangladesh,6670,Other land,2016,1000 ha,1940.48
Bangladesh,6670,Other land,2017,1000 ha,1948.35
Bangladesh,6670,Other land,2018,1000 ha,1934.36
Bangladesh,6670,Other land,2019,1000 ha,1740.65
Bangladesh,6670,Other land,2020,1000 ha,1708.64
Bangladesh,6670,Other land,2021,1000 ha,1721.63
Bangladesh,6670,Other land,2022,1000 ha,1713.62
Bangladesh,6670,Other land,2023,1000 ha,1742.6
Bangladesh,6670,Other land,2024,1000 ha,1743.59
Bangladesh,6680,Inland waters,1961,1000 ha,1829
Bangladesh,6680,Inland waters,1962,1000 ha,1829
Bangladesh,6680,Inland waters,1963,1000 ha,1829
Bangladesh,6680,Inland waters,1964,1000 ha,1829
Bangladesh,6680,Inland waters,1965,1000 ha,1829
Bangladesh,6680,Inland waters,1966,1000 ha,1829
Bangladesh,6680,Inland waters,1967,1000 ha,1829
Bangladesh,6680,Inland waters,1968,1000 ha,1829
Bangladesh,6680,Inland waters,1969,1000 ha,1829
Bangladesh,6680,Inland waters,1970,1000 ha,1829
Bangladesh,6680,Inland waters,1971,1000 ha,1829
Bangladesh,6680,Inland waters,1972,1000 ha,1829
Bangladesh,6680,Inland waters,1973,1000 ha,1829
Bangladesh,6680,Inland waters,1974,1000 ha,1829
Bangladesh,6680,Inland waters,1975,1000 ha,1829
Bangladesh,6680,Inland waters,1976,1000 ha,1829
Bangladesh,6680,Inland waters,1977,1000 ha,1829
Bangladesh,6680,Inland waters,1978,1000 ha,1829
Bangladesh,6680,Inland waters,1979,1000 ha,1829
Bangladesh,6680,Inland waters,1980,1000 ha,1829
Bangladesh,6680,Inland waters,1981,1000 ha,1829
Bangladesh,6680,Inland waters,1982,1000 ha,1829
Bangladesh,6680,Inland waters,1983,1000 ha,1829
Bangladesh,6680,Inland waters,1984,1000 ha,1829
Bangladesh,6680,Inland waters,1985,1000 ha,1829
Bangladesh,6680,Inland waters,1986,1000 ha,1829
Bangladesh,6680,Inland waters,1987,1000 ha,1829
Bangladesh,6680,Inland waters,1988,1000 ha,1829
Bangladesh,6680,Inland waters,1989,1000 ha,1829
Bangladesh,6680,Inland waters,1990,1000 ha,1829
Bangladesh,6680,Inland waters,1991,1000 ha,1829
Bangladesh,6680,Inland waters,1992,1000 ha,1829
Bangladesh,6680,Inland waters,1993,1000 ha,1829
Bangladesh,6680,Inland waters,1994,1000 ha,1829
Bangladesh,6680,Inland waters,1995,1000 ha,1829
Bangladesh,6680,Inland waters,1996,1000 ha,1829
Bangladesh,6680,Inland waters,1997,1000 ha,1829
Bangladesh,6680,Inland waters,1998,1000 ha,1829
Bangladesh,6680,Inland waters,1999,1000 ha,1829
Bangladesh,6680,Inland waters,2000,1000 ha,1829
Bangladesh,6680,Inland waters,2001,1000 ha,1829
Bangladesh,6680,Inland waters,2002,1000 ha,1829
Bangladesh,6680,Inland waters,2003,1000 ha,1829
Bangladesh,6680,Inland waters,2004,1000 ha,1829
Bangladesh,6680,Inland waters,2005,1000 ha,1829
Bangladesh,6680,Inland waters,2006,1000 ha,1829
Bangladesh,6680,Inland waters,2007,1000 ha,1829
Bangladesh,6680,Inland waters,2008,1000 ha,1829
Bangladesh,6680,Inland waters,2009,1000 ha,1829
Bangladesh,6680,Inland waters,2010,1000 ha,1829
Bangladesh,6680,Inland waters,2011,1000 ha,1829
Bangladesh,6680,Inland waters,2012,1000 ha,1829
Bangladesh,6680,Inland waters,2013,1000 ha,1829
Bangladesh,6680,Inland waters,2014,1000 ha,1746
Bangladesh,6680,Inland waters,2015,1000 ha,1746
Bangladesh,6680,Inland waters,2016,1000 ha,1746
Bangladesh,6680,Inland waters,2017,1000 ha,1780.7
Bangladesh,6680,Inland waters,2018,1000 ha,1740
Bangladesh,6680,Inland waters,2019,1000 ha,1740
Bangladesh,6680,Inland waters,2020,1000 ha,1740
Bangladesh,6680,Inland waters,2021,1000 ha,1740
Bangladesh,6680,Inland waters,2022,1000 ha,1731
Bangladesh,6680,Inland waters,2023,1000 ha,1759
Bangladesh,6680,Inland waters,2024,1000 ha,1759
Bangladesh,6690,Land area equipped for irrigation,1961,1000 ha,426
Bangladesh,6690,Land area equipped for irrigation,1962,1000 ha,476
Bangladesh,6690,Land area equipped for irrigation,1963,1000 ha,513
Bangladesh,6690,Land area equipped for irrigation,1964,1000 ha,517
Bangladesh,6690,Land area equipped for irrigation,1965,1000 ha,572
Bangladesh,6690,Land area equipped for irrigation,1966,1000 ha,620
Bangladesh,6690,Land area equipped for irrigation,1967,1000 ha,686
Bangladesh,6690,Land area equipped for irrigation,1968,1000 ha,1218
Bangladesh,6690,Land area equipped for irrigation,1969,1000 ha,1457
Bangladesh,6690,Land area equipped for irrigation,1970,1000 ha,1058
Bangladesh,6690,Land area equipped for irrigation,1971,1000 ha,1050
Bangladesh,6690,Land area equipped for irrigation,1972,1000 ha,1047
Bangladesh,6690,Land area equipped for irrigation,1973,1000 ha,1212
Bangladesh,6690,Land area equipped for irrigation,1974,1000 ha,1299
Bangladesh,6690,Land area equipped for irrigation,1975,1000 ha,1441
Bangladesh,6690,Land area equipped for irrigation,1976,1000 ha,1406
Bangladesh,6690,Land area equipped for irrigation,1977,1000 ha,1218
Bangladesh,6690,Land area equipped for irrigation,1978,1000 ha,1457
Bangladesh,6690,Land area equipped for irrigation,1979,1000 ha,1495
Bangladesh,6690,Land area equipped for irrigation,1980,1000 ha,1520
Bangladesh,6690,Land area equipped for irrigation,1981,1000 ha,1520
Bangladesh,6690,Land area equipped for irrigation,1982,1000 ha,1520
Bangladesh,6690,Land area equipped for irrigation,1983,1000 ha,1848
Bangladesh,6690,Land area equipped for irrigation,1984,1000 ha,1920
Bangladesh,6690,Land area equipped for irrigation,1985,1000 ha,2073
Bangladesh,6690,Land area equipped for irrigation,1986,1000 ha,2098
Bangladesh,6690,Land area equipped for irrigation,1987,1000 ha,2199
Bangladesh,6690,Land area equipped for irrigation,1988,1000 ha,2347
Bangladesh,6690,Land area equipped for irrigation,1989,1000 ha,2737
Bangladesh,6690,Land area equipped for irrigation,1990,1000 ha,2790
Bangladesh,6690,Land area equipped for irrigation,1991,1000 ha,3100
Bangladesh,6690,Land area equipped for irrigation,1992,1000 ha,3100
Bangladesh,6690,Land area equipped for irrigation,1993,1000 ha,3252
Bangladesh,6690,Land area equipped for irrigation,1994,1000 ha,3288
Bangladesh,6690,Land area equipped for irrigation,1995,1000 ha,3751
Bangladesh,6690,Land area equipped for irrigation,1996,1000 ha,3784
Bangladesh,6690,Land area equipped for irrigation,1997,1000 ha,3817
Bangladesh,6690,Land area equipped for irrigation,1998,1000 ha,3850
Bangladesh,6690,Land area equipped for irrigation,1999,1000 ha,3985
Bangladesh,6690,Land area equipped for irrigation,2000,1000 ha,4187
Bangladesh,6690,Land area equipped for irrigation,2001,1000 ha,4421
Bangladesh,6690,Land area equipped for irrigation,2002,1000 ha,4597
Bangladesh,6690,Land area equipped for irrigation,2003,1000 ha,4725
Bangladesh,6690,Land area equipped for irrigation,2004,1000 ha,4817
Bangladesh,6690,Land area equipped for irrigation,2005,1000 ha,4875
Bangladesh,6690,Land area equipped for irrigation,2006,1000 ha,4912
Bangladesh,6690,Land area equipped for irrigation,2007,1000 ha,4950
Bangladesh,6690,Land area equipped for irrigation,2008,1000 ha,5050
Bangladesh,6690,Land area equipped for irrigation,2009,1000 ha,5100
Bangladesh,6690,Land area equipped for irrigation,2010,1000 ha,5180
Bangladesh,6690,Land area equipped for irrigation,2011,1000 ha,5264
Bangladesh,6690,Land area equipped for irrigation,2012,1000 ha,5300
Bangladesh,6690,Land area equipped for irrigation,2013,1000 ha,5500
Bangladesh,6690,Land area equipped for irrigation,2014,1000 ha,5500
Bangladesh,6690,Land area equipped for irrigation,2015,1000 ha,5500
Bangladesh,6690,Land area equipped for irrigation,2016,1000 ha,5500
Bangladesh,6690,Land area equipped for irrigation,2017,1000 ha,5550
Bangladesh,6690,Land area equipped for irrigation,2018,1000 ha,5560
Bangladesh,6690,Land area equipped for irrigation,2019,1000 ha,7777
Bangladesh,6690,Land area equipped for irrigation,2020,1000 ha,7879
Bangladesh,6690,Land area equipped for irrigation,2021,1000 ha,7944
Bangladesh,6690,Land area equipped for irrigation,2022,1000 ha,8369
Bangladesh,6690,Land area equipped for irrigation,2023,1000 ha,8713
Bangladesh,6690,Land area equipped for irrigation,2024,1000 ha,8713
Bangladesh,6611,Agriculture area actually irrigated,2004,1000 ha,4787
Bangladesh,6611,Agriculture area actually irrigated,2005,1000 ha,4760
Bangladesh,6611,Agriculture area actually irrigated,2006,1000 ha,4883
Bangladesh,6611,Agriculture area actually irrigated,2013,1000 ha,5373
Bangladesh,6611,Agriculture area actually irrigated,2014,1000 ha,5402
Bangladesh,6611,Agriculture area actually irrigated,2015,1000 ha,5448
Bangladesh,6611,Agriculture area actually irrigated,2016,1000 ha,5490
Bangladesh,6611,Agriculture area actually irrigated,2017,1000 ha,5527
Bangladesh,6611,Agriculture area actually irrigated,2018,1000 ha,5556.61
Bangladesh,6611,Agriculture area actually irrigated,2019,1000 ha,7777
Bangladesh,6611,Agriculture area actually irrigated,2020,1000 ha,7879
Bangladesh,6611,Agriculture area actually irrigated,2021,1000 ha,7944
Bangladesh,6611,Agriculture area actually irrigated,2022,1000 ha,8369
Bangladesh,6611,Agriculture area actually irrigated,2023,1000 ha,8369
Bangladesh,6611,Agriculture area actually irrigated,2024,1000 ha,8369
Bangladesh,6694,Cropland area actually irrigated,2013,1000 ha,5373
Bangladesh,6694,Cropland area actually irrigated,2014,1000 ha,5402
Bangladesh,6694,Cropland area actually irrigated,2015,1000 ha,5448
Bangladesh,6694,Cropland area actually irrigated,2016,1000 ha,5490
Bangladesh,6694,Cropland area actually irrigated,2017,1000 ha,5527
Bangladesh,6694,Cropland area actually irrigated,2018,1000 ha,5556.614
Bangladesh,6694,Cropland area actually irrigated,2019,1000 ha,7777
Bangladesh,6694,Cropland area actually irrigated,2020,1000 ha,7879
Bangladesh,6694,Cropland area actually irrigated,2021,1000 ha,7944
Bangladesh,6694,Cropland area actually irrigated,2022,1000 ha,8369
Bangladesh,6694,Cropland area actually irrigated,2023,1000 ha,8713
Bangladesh,6694,Cropland area actually irrigated,2024,1000 ha,8713
Bangladesh,6671,Agriculture area under organic agric.,2008,1000 ha,0.5
Bangladesh,6671,Agriculture area under organic agric.,2009,1000 ha,1.2
Bangladesh,6671,Agriculture area under organic agric.,2010,1000 ha,0.8
Bangladesh,6671,Agriculture area under organic agric.,2011,1000 ha,6.81
Bangladesh,6671,Agriculture area under organic agric.,2012,1000 ha,6.86
Bangladesh,6671,Agriculture area under organic agric.,2013,1000 ha,6.86
Bangladesh,6671,Agriculture area under organic agric.,2014,1000 ha,6.86
Bangladesh,6671,Agriculture area under organic agric.,2015,1000 ha,6.86
Bangladesh,6671,Agriculture area under organic agric.,2016,1000 ha,6.86
Bangladesh,6671,Agriculture area under organic agric.,2017,1000 ha,8.06
Bangladesh,6671,Agriculture area under organic agric.,2018,1000 ha,2.25
Bangladesh,6671,Agriculture area under organic agric.,2019,1000 ha,2.25
Bangladesh,6671,Agriculture area under organic agric.,2020,1000 ha,0.5
Bangladesh,6671,Agriculture area under organic agric.,2021,1000 ha,0.5
Bangladesh,6671,Agriculture area under organic agric.,2022,1000 ha,1.4
Bangladesh,6671,Agriculture area under organic agric.,2023,1000 ha,1.4
Bangladesh,6671,Agriculture area under organic agric.,2024,1000 ha,1.4
Bangladesh,6672,Agriculture area certified organic,2010,1000 ha,0.51
Bangladesh,6672,Agriculture area certified organic,2023,1000 ha,1.4
Bangladesh,6672,Agriculture area certified organic,2024,1000 ha,1.4
Bangladesh,6668,Cropland area under organic agric.,2019,1000 ha,2.25
Bangladesh,6668,Cropland area under organic agric.,2020,1000 ha,0.5
Bangladesh,6668,Cropland area under organic agric.,2021,1000 ha,0.5
Bangladesh,6668,Cropland area under organic agric.,2022,1000 ha,0.8
Bangladesh,6668,Cropland area under organic agric.,2023,1000 ha,1.1
Bangladesh,6668,Cropland area under organic agric.,2024,1000 ha,1.4
Bangladesh,6669,Cropland area certified organic,2010,1000 ha,0.51
Bangladesh,6669,Cropland area certified organic,2024,1000 ha,1.4
Bangladesh,6762,Land used for aquaculture,2017,1000 ha,1116.2
Bangladesh,6762,Land used for aquaculture,2018,1000 ha,807.692
Bangladesh,6767,Inland waters used for aquac. or holding facilities,2014,1000 ha,789.3
Bangladesh,6767,Inland waters used for aquac. or holding facilities,2016,1000 ha,795.8
Bangladesh,6767,Inland waters used for aquac. or holding facilities,2017,1000 ha,833.8
Bangladesh,6767,Inland waters used for aquac. or holding facilities,2018,1000 ha,797.85
Bangladesh,6767,Inland waters used for aquac. or holding facilities,2019,1000 ha,821.923
Bangladesh,6767,Inland waters used for aquac. or holding facilities,2020,1000 ha,836.796
Bangladesh,6767,Inland waters used for aquac. or holding facilities,2021,1000 ha,843.729
Bangladesh,6767,Inland waters used for aquac. or holding facilities,2022,1000 ha,845.399
Bangladesh,6767,Inland waters used for aquac. or holding facilities,2023,1000 ha,846.341
Bangladesh,6767,Inland waters used for aquac. or holding facilities,2024,1000 ha,846.34