year,precipitation_mm,5year_gaussian_smooth_precipitation,Country
1901,"2,369.51","2,390",Bangladesh
1902,"2,306.26","2,345.99",Bangladesh
1903,"2,253.42","2,306.95",Bangladesh
1904,"2,335.92","2,277.81",Bangladesh
1905,"2,637","2,263.70",Bangladesh
1906,"2,087.88","2,269.50",Bangladesh
1907,"2,019.65","2,299.52",Bangladesh
1908,"2,522.50","2,349.78",Bangladesh
1909,"2,331.71","2,410.25",Bangladesh
1910,"2,429.02","2,471.18",Bangladesh
1911,"2,719.52","2,522.71",Bangladesh
1912,"2,303.84","2,555.10",Bangladesh
1913,"2,817.85","2,564.03",Bangladesh
1914,"2,339.74","2,554.97",Bangladesh
1915,"2,665.32","2,534.16",Bangladesh
1916,"2,536.57","2,507.75",Bangladesh
1917,"2,514.28","2,482.17",Bangladesh
1918,"2,344.67","2,462.58",Bangladesh
1919,"2,581.37","2,449.70",Bangladesh
1920,"2,289.04","2,442.97",Bangladesh
1921,"2,362.93","2,441.85",Bangladesh
1922,"2,687.93","2,445.73",Bangladesh
1923,"2,169","2,453.94",Bangladesh
1924,"2,686.91","2,463.90",Bangladesh
1925,"2,531.24","2,471.52",Bangladesh
1926,"2,280.19","2,472.80",Bangladesh
1927,"2,555.46","2,463.68",Bangladesh
1928,"2,551.36","2,440.06",Bangladesh
1929,"2,391.03","2,402.57",Bangladesh
1930,"2,247.86","2,360.20",Bangladesh
1931,"2,138.25","2,322.93",Bangladesh
1932,"2,408.38","2,300.68",Bangladesh
1933,"2,328.66","2,303.57",Bangladesh
1934,"2,655.87","2,338.32",Bangladesh
1935,"2,162.15","2,395.23",Bangladesh
1936,"2,542.76","2,459.43",Bangladesh
1937,"2,246.86","2,515.50",Bangladesh
1938,"2,681.73","2,548.57",Bangladesh
1939,"2,447.38","2,544.55",Bangladesh
1940,"2,479.36","2,506",Bangladesh
1941,"2,788.93","2,450.01",Bangladesh
1942,"2,306.82","2,393.82",Bangladesh
1943,"2,436.17","2,354.74",Bangladesh
1944,"2,075.05","2,350.04",Bangladesh
1945,"2,315.46","2,386.71",Bangladesh
1946,"2,520.71","2,449.65",Bangladesh
1947,"2,743.41","2,521.05",Bangladesh
1948,"2,469.05","2,583.24",Bangladesh
1949,"2,774.62","2,618.03",Bangladesh
1950,"2,355.29","2,611.22",Bangladesh
1951,"2,445.71","2,568.93",Bangladesh
1952,"2,654.57","2,504.60",Bangladesh
1953,"2,563.36","2,432.26",Bangladesh
1954,"2,340.21","2,365.43",Bangladesh
1955,"2,333.24","2,317.28",Bangladesh
1956,"2,614.89","2,291.52",Bangladesh
1957,"1,802.97","2,283.02",Bangladesh
1958,"1,895.89","2,286.08",Bangladesh
1959,"2,823.33","2,295.11",Bangladesh
1960,"2,234.75","2,304.53",Bangladesh
1961,"2,532.52","2,310.28",Bangladesh
1962,"2,110.96","2,312.24",Bangladesh
1963,"2,232.21","2,310.83",Bangladesh
1964,"2,456.15","2,306.43",Bangladesh
1965,"2,343.20","2,299.49",Bangladesh
1966,"2,109.99","2,290.49",Bangladesh
1967,"2,138.94","2,280.53",Bangladesh
1968,"2,491.84","2,270.91",Bangladesh
1969,"2,225.16","2,263.02",Bangladesh
1970,"2,621.94","2,258.16",Bangladesh
1971,"2,103.05","2,257.62",Bangladesh
1972,"1,678.22","2,261.16",Bangladesh
1973,"2,478.37","2,266.94",Bangladesh
1974,"2,626.71","2,273.02",Bangladesh
1975,"2,176.83","2,277.50",Bangladesh
1976,"2,253.09","2,278.46",Bangladesh
1977,"2,297.48","2,275.61",Bangladesh
1978,"2,243.94","2,273.20",Bangladesh
1979,"2,230.93","2,276.20",Bangladesh
1980,"2,167.09","2,289.63",Bangladesh
1981,"2,510.13","2,318.41",Bangladesh
1982,"2,095.25","2,366.12",Bangladesh
1983,"2,638.31","2,425.17",Bangladesh
1984,"2,843.91","2,482.88",Bangladesh
1985,"2,191.29","2,526.03",Bangladesh
1986,"2,367.37","2,541.94",Bangladesh
1987,"2,585.63","2,518.16",Bangladesh
1988,"2,672.36","2,455.22",Bangladesh
1989,"1,946.21","2,370",Bangladesh
1990,"2,528.95","2,279.76",Bangladesh
1991,"2,565.61","2,201.90",Bangladesh
1992,"1,710.40","2,153.74",Bangladesh
1993,"2,601.27","2,146.48",Bangladesh
1994,"1,764.34","2,170.75",Bangladesh
1995,"2,312.05","2,213.51",Bangladesh
1996,"2,108.26","2,261.88",Bangladesh
1997,"2,148.49","2,302.50",Bangladesh
1998,"2,497.10","2,323.69",Bangladesh
1999,"2,513.31","2,324.45",Bangladesh
2000,"2,332.93","2,309.48",Bangladesh
2001,"2,252.27","2,283.70",Bangladesh
2002,"2,301.65","2,251.91",Bangladesh
2003,"2,150.53","2,218.89",Bangladesh
2004,"2,214.81","2,187.46",Bangladesh
2005,"1,991.46","2,158.17",Bangladesh
2006,"1,901.93","2,131.16",Bangladesh
2007,"2,456.52","2,106.66",Bangladesh
2008,"2,155.42","2,084.81",Bangladesh
2009,"1,957.16","2,066.25",Bangladesh
2010,"2,193.72","2,052.43",Bangladesh
2011,"1,994.39","2,045.06",Bangladesh
2012,"1,947.81","2,045.89",Bangladesh
2013,"1,996.31","2,056.65",Bangladesh
2014,"1,770.36","2,078.61",Bangladesh
2015,"2,486.10","2,108.21",Bangladesh
2016,"2,076.43","2,139.15",Bangladesh
2017,"2,681.73","2,164.77",Bangladesh
2018,"1,770.57","2,178.72",Bangladesh
2019,"1,989.33","2,174.62",Bangladesh
2020,"2,428.50","2,150.04",Bangladesh
2021,"2,092.51","2,108.78",Bangladesh
2022,"1,757.35","2,054.99",Bangladesh
2023,"2,074.60","1,992.85",Bangladesh
2024,"2,020.96","1,926.33",Bangladesh
,,,Bangladesh
,,,Bangladesh
,,,Bangladesh
,,,Bangladesh
,,,Bangladesh
,,,Bangladesh
,,,Bangladesh
,,,Bangladesh
,,,Bangladesh
,,,Bangladesh
,,,Bangladesh
,,,Bangladesh
,,,Bangladesh
,,,Bangladesh
,,,Bangladesh
,,,Bangladesh
,,,Bangladesh
,,,Bangladesh
,,,Bangladesh
,,,Bangladesh
,,,Bangladesh
,,,Bangladesh
,,,Bangladesh
,,,Bangladesh
,,,Bangladesh
,,,Bangladesh
,,,Bangladesh
,,,Bangladesh
,,,Bangladesh
,,,Bangladesh
,,,Bangladesh
,,,Bangladesh
,,,Bangladesh
,,,Bangladesh
,,,Bangladesh
,,,Bangladesh
,,,Bangladesh
,,,Bangladesh
,,,Bangladesh
,,,Bangladesh
,,,Bangladesh
,,,Bangladesh
,,,Bangladesh
,,,Bangladesh
,,,Bangladesh
,,,Bangladesh
,,,Bangladesh
,,,Bangladesh
,,,Bangladesh
,,,Bangladesh
,,,Bangladesh
,,,Bangladesh
,,,Bangladesh
,,,Bangladesh
,,,Bangladesh
,,,Bangladesh
,,,Bangladesh
,,,Bangladesh
,,,Bangladesh
,,,Bangladesh
,,,Bangladesh
,,,Bangladesh
,,,Bangladesh
,,,Bangladesh
,,,Bangladesh
,,,Bangladesh
,,,Bangladesh
,,,Bangladesh
,,,Bangladesh
,,,Bangladesh
,,,Bangladesh
,,,Bangladesh
,,,Bangladesh
,,,Bangladesh
,,,Bangladesh
,,,Bangladesh
,,,Bangladesh
,,,Bangladesh
,,,Bangladesh
,,,Bangladesh
,,,Bangladesh
,,,Bangladesh
,,,Bangladesh
,,,Bangladesh
,,,Bangladesh
,,,Bangladesh
,,,Bangladesh
,,,Bangladesh
,,,Bangladesh
,,,Bangladesh
,,,Bangladesh
,,,Bangladesh
,,,Bangladesh
,,,Bangladesh
,,,Bangladesh
,,,Bangladesh
,,,Bangladesh
,,,Bangladesh
,,,Bangladesh
,,,Bangladesh
,,,Bangladesh
,,,Bangladesh
,,,Bangladesh
,,,Bangladesh
,,,Bangladesh
,,,Bangladesh
,,,Bangladesh
,,,Bangladesh
,,,Bangladesh
,,,Bangladesh
,,,Bangladesh
,,,Bangladesh
,,,Bangladesh
,,,Bangladesh
,,,Bangladesh
,,,Bangladesh
,,,Bangladesh
,,,Bangladesh
,,,Bangladesh
,,,Bangladesh
,,,Bangladesh
,,,Bangladesh
,,,Bangladesh
,,,Bangladesh
,,,Bangladesh
,,,Bangladesh
,,,Bangladesh
,,,Bangladesh
,,,Bangladesh
,,,Bangladesh
,,,Bangladesh
,,,Bangladesh
,,,Bangladesh
,,,Bangladesh
,,,Bangladesh
,,,Bangladesh
,,,Bangladesh
,,,Bangladesh
,,,Bangladesh
,,,Bangladesh
,,,Bangladesh
,,,Bangladesh
,,,Bangladesh
,,,Bangladesh
,,,Bangladesh
,,,Bangladesh
,,,Bangladesh
,,,Bangladesh
,,,Bangladesh
,,,Bangladesh
,,,Bangladesh
,,,Bangladesh
,,,Bangladesh
,,,Bangladesh
,,,Bangladesh
,,,Bangladesh
,,,Bangladesh
,,,Bangladesh
,,,Bangladesh
,,,Bangladesh
,,,Bangladesh
,,,Bangladesh
,,,Bangladesh
,,,Bangladesh
,,,Bangladesh
,,,Bangladesh
,,,Bangladesh
,,,Bangladesh
,,,Bangladesh
,,,Bangladesh
,,,Bangladesh
,,,Bangladesh
,,,Bangladesh
,,,Bangladesh
,,,Bangladesh
,,,Bangladesh
,,,Bangladesh
,,,Bangladesh
,,,Bangladesh
,,,Bangladesh
,,,Bangladesh
,,,Bangladesh
,,,Bangladesh
,,,Bangladesh
,,,Bangladesh
,,,Bangladesh
,,,Bangladesh
,,,Bangladesh
,,,Bangladesh
,,,Bangladesh
,,,Bangladesh
,,,Bangladesh
,,,Bangladesh
,,,Bangladesh
,,,Bangladesh
,,,Bangladesh
,,,Bangladesh
,,,Bangladesh
,,,Bangladesh
,,,Bangladesh
,,,Bangladesh
,,,Bangladesh
,,,Bangladesh
,,,Bangladesh
,,,Bangladesh
,,,Bangladesh
,,,Bangladesh
,,,Bangladesh
,,,Bangladesh
,,,Bangladesh
,,,Bangladesh
,,,Bangladesh
,,,Bangladesh
,,,Bangladesh
,,,Bangladesh
,,,Bangladesh
,,,Bangladesh
,,,Bangladesh
,,,Bangladesh
,,,Bangladesh
,,,Bangladesh
,,,Bangladesh
,,,Bangladesh
,,,Bangladesh
,,,Bangladesh
,,,Bangladesh
,,,Bangladesh
,,,Bangladesh
,,,Bangladesh
,,,Bangladesh
,,,Bangladesh
,,,Bangladesh
,,,Bangladesh
,,,Bangladesh
,,,Bangladesh
,,,Bangladesh
,,,Bangladesh
,,,Bangladesh
,,,Bangladesh
,,,Bangladesh
,,,Bangladesh
,,,Bangladesh
,,,Bangladesh
,,,Bangladesh
,,,Bangladesh
,,,Bangladesh
,,,Bangladesh
,,,Bangladesh
,,,Bangladesh
,,,Bangladesh
,,,Bangladesh
,,,Bangladesh
,,,Bangladesh
,,,Bangladesh
,,,Bangladesh
,,,Bangladesh
,,,Bangladesh
,,,Bangladesh
,,,Bangladesh
,,,Bangladesh
,,,Bangladesh
,,,Bangladesh
,,,Bangladesh
,,,Bangladesh
,,,Bangladesh
,,,Bangladesh
,,,Bangladesh
,,,Bangladesh
,,,Bangladesh
,,,Bangladesh
,,,Bangladesh
,,,Bangladesh
,,,Bangladesh
,,,Bangladesh
,,,Bangladesh
,,,Bangladesh
,,,Bangladesh
,,,Bangladesh
,,,Bangladesh
,,,Bangladesh
,,,Bangladesh
,,,Bangladesh
,,,Bangladesh
,,,Bangladesh
,,,Bangladesh
,,,Bangladesh
,,,Bangladesh
,,,Bangladesh
,,,Bangladesh
,,,Bangladesh
,,,Bangladesh
,,,Bangladesh
,,,Bangladesh
,,,Bangladesh
,,,Bangladesh
,,,Bangladesh
,,,Bangladesh
,,,Bangladesh
,,,Bangladesh
,,,Bangladesh
,,,Bangladesh
,,,Bangladesh
,,,Bangladesh
,,,Bangladesh
,,,Bangladesh
,,,Bangladesh
,,,Bangladesh
,,,Bangladesh
,,,Bangladesh
,,,Bangladesh
,,,Bangladesh
,,,Bangladesh
,,,Bangladesh
,,,Bangladesh
,,,Bangladesh
,,,Bangladesh
,,,Bangladesh
,,,Bangladesh
,,,Bangladesh
,,,Bangladesh
,,,Bangladesh
,,,Bangladesh
,,,Bangladesh
,,,Bangladesh
,,,Bangladesh
,,,Bangladesh
,,,Bangladesh
,,,Bangladesh
,,,Bangladesh
,,,Bangladesh
,,,Bangladesh
,,,Bangladesh
,,,Bangladesh
,,,Bangladesh
,,,Bangladesh
,,,Bangladesh
,,,Bangladesh
,,,Bangladesh
,,,Bangladesh
,,,Bangladesh
,,,Bangladesh
,,,Bangladesh
,,,Bangladesh
,,,Bangladesh
,,,Bangladesh
,,,Bangladesh
,,,Bangladesh
,,,Bangladesh
,,,Bangladesh
,,,Bangladesh
,,,Bangladesh
,,,Bangladesh
,,,Bangladesh
,,,Bangladesh
,,,Bangladesh
,,,Bangladesh
,,,Bangladesh
,,,Bangladesh
,,,Bangladesh
,,,Bangladesh
,,,Bangladesh
,,,Bangladesh
,,,Bangladesh
,,,Bangladesh
,,,Bangladesh
,,,Bangladesh
,,,Bangladesh
,,,Bangladesh
,,,Bangladesh
,,,Bangladesh
,,,Bangladesh
,,,Bangladesh
,,,Bangladesh
,,,Bangladesh
,,,Bangladesh
,,,Bangladesh
,,,Bangladesh
,,,Bangladesh
,,,Bangladesh
,,,Bangladesh
,,,Bangladesh
,,,Bangladesh
,,,Bangladesh
,,,Bangladesh
,,,Bangladesh
,,,Bangladesh
,,,Bangladesh
,,,Bangladesh
,,,Bangladesh
,,,Bangladesh
,,,Bangladesh
,,,Bangladesh
,,,Bangladesh
,,,Bangladesh
,,,Bangladesh
,,,Bangladesh
,,,Bangladesh
,,,Bangladesh
,,,Bangladesh
,,,Bangladesh
,,,Bangladesh
,,,Bangladesh
,,,Bangladesh
,,,Bangladesh
,,,Bangladesh
,,,Bangladesh
,,,Bangladesh
,,,Bangladesh
,,,Bangladesh
,,,Bangladesh
,,,Bangladesh
,,,Bangladesh
,,,Bangladesh
,,,Bangladesh
,,,Bangladesh
,,,Bangladesh
,,,Bangladesh
,,,Bangladesh
,,,Bangladesh
,,,Bangladesh
,,,Bangladesh
,,,Bangladesh
,,,Bangladesh
,,,Bangladesh
,,,Bangladesh
,,,Bangladesh
,,,Bangladesh
,,,Bangladesh
,,,Bangladesh
,,,Bangladesh
,,,Bangladesh
,,,Bangladesh
,,,Bangladesh
,,,Bangladesh
,,,Bangladesh
,,,Bangladesh
,,,Bangladesh
,,,Bangladesh
,,,Bangladesh
,,,Bangladesh
,,,Bangladesh
,,,Bangladesh
,,,Bangladesh
,,,Bangladesh
,,,Bangladesh
,,,Bangladesh
,,,Bangladesh
,,,Bangladesh
,,,Bangladesh
,,,Bangladesh
,,,Bangladesh
,,,Bangladesh
,,,Bangladesh
,,,Bangladesh
,,,Bangladesh
,,,Bangladesh
,,,Bangladesh
,,,Bangladesh
,,,Bangladesh
,,,Bangladesh
,,,Bangladesh
,,,Bangladesh
,,,Bangladesh
,,,Bangladesh
,,,Bangladesh
,,,Bangladesh
,,,Bangladesh
,,,Bangladesh
,,,Bangladesh
,,,Bangladesh
,,,Bangladesh
,,,Bangladesh
,,,Bangladesh
,,,Bangladesh
,,,Bangladesh
,,,Bangladesh
,,,Bangladesh
,,,Bangladesh
,,,Bangladesh
,,,Bangladesh
,,,Bangladesh
,,,Bangladesh
,,,Bangladesh
,,,Bangladesh
,,,Bangladesh
,,,Bangladesh
,,,Bangladesh
,,,Bangladesh
,,,Bangladesh
,,,Bangladesh
,,,Bangladesh
,,,Bangladesh
,,,Bangladesh
,,,Bangladesh
,,,Bangladesh
,,,Bangladesh
,,,Bangladesh
,,,Bangladesh
,,,Bangladesh
,,,Bangladesh
,,,Bangladesh
,,,Bangladesh
,,,Bangladesh
,,,Bangladesh
,,,Bangladesh
,,,Bangladesh
,,,Bangladesh
,,,Bangladesh
,,,Bangladesh
,,,Bangladesh
,,,Bangladesh
,,,Bangladesh
,,,Bangladesh
,,,Bangladesh
,,,Bangladesh
,,,Bangladesh
,,,Bangladesh
,,,Bangladesh
,,,Bangladesh
,,,Bangladesh
,,,Bangladesh
,,,Bangladesh
,,,Bangladesh
,,,Bangladesh
,,,Bangladesh
,,,Bangladesh
,,,Bangladesh
,,,Bangladesh
,,,Bangladesh
,,,Bangladesh
,,,Bangladesh
,,,Bangladesh
,,,Bangladesh
,,,Bangladesh
,,,Bangladesh
,,,Bangladesh
,,,Bangladesh
,,,Bangladesh
,,,Bangladesh
,,,Bangladesh
,,,Bangladesh
,,,Bangladesh
,,,Bangladesh
,,,Bangladesh
,,,Bangladesh
,,,Bangladesh
,,,Bangladesh
,,,Bangladesh
,,,Bangladesh
,,,Bangladesh
,,,Bangladesh
,,,Bangladesh
,,,Bangladesh
,,,Bangladesh
,,,Bangladesh
,,,Bangladesh
,,,Bangladesh
,,,Bangladesh
,,,Bangladesh
,,,Bangladesh
,,,Bangladesh
,,,Bangladesh
,,,Bangladesh
,,,Bangladesh
,,,Bangladesh
,,,Bangladesh
,,,Bangladesh
,,,Bangladesh
,,,Bangladesh
,,,Bangladesh
,,,Bangladesh
,,,Bangladesh
,,,Bangladesh
,,,Bangladesh
,,,Bangladesh
,,,Bangladesh
,,,Bangladesh
,,,Bangladesh
,,,Bangladesh
,,,Bangladesh
,,,Bangladesh
,,,Bangladesh
,,,Bangladesh
,,,Bangladesh
,,,Bangladesh
,,,Bangladesh
,,,Bangladesh
,,,Bangladesh
,,,Bangladesh
,,,Bangladesh
,,,Bangladesh
,,,Bangladesh
,,,Bangladesh
,,,Bangladesh
,,,Bangladesh
,,,Bangladesh
,,,Bangladesh
,,,Bangladesh
,,,Bangladesh
,,,Bangladesh
,,,Bangladesh
,,,Bangladesh
,,,Bangladesh
,,,Bangladesh
,,,Bangladesh
,,,Bangladesh
,,,Bangladesh
,,,Bangladesh
,,,Bangladesh
,,,Bangladesh
,,,Bangladesh
,,,Bangladesh
,,,Bangladesh
,,,Bangladesh
,,,Bangladesh
,,,Bangladesh
,,,Bangladesh
,,,Bangladesh
,,,Bangladesh
,,,Bangladesh
,,,Bangladesh
,,,Bangladesh
,,,Bangladesh
,,,Bangladesh
,,,Bangladesh
,,,Bangladesh
,,,Bangladesh
,,,Bangladesh
,,,Bangladesh
,,,Bangladesh
,,,Bangladesh
,,,Bangladesh
,,,Bangladesh
,,,Bangladesh
,,,Bangladesh
,,,Bangladesh
,,,Bangladesh
,,,Bangladesh
,,,Bangladesh
,,,Bangladesh
,,,Bangladesh
,,,Bangladesh
,,,Bangladesh
,,,Bangladesh
,,,Bangladesh
,,,Bangladesh
,,,Bangladesh
,,,Bangladesh
,,,Bangladesh
,,,Bangladesh
,,,Bangladesh
,,,Bangladesh
,,,Bangladesh
,,,Bangladesh
,,,Bangladesh
,,,Bangladesh
,,,Bangladesh
,,,Bangladesh
,,,Bangladesh
,,,Bangladesh
,,,Bangladesh
,,,Bangladesh
,,,Bangladesh
,,,Bangladesh
,,,Bangladesh
,,,Bangladesh
,,,Bangladesh
,,,Bangladesh
,,,Bangladesh
,,,Bangladesh
,,,Bangladesh
,,,Bangladesh
,,,Bangladesh
,,,Bangladesh
,,,Bangladesh
,,,Bangladesh
,,,Bangladesh
,,,Bangladesh
,,,Bangladesh
,,,Bangladesh
,,,Bangladesh
,,,Bangladesh
,,,Bangladesh
,,,Bangladesh
,,,Bangladesh
,,,Bangladesh
,,,Bangladesh
,,,Bangladesh
,,,Bangladesh
,,,Bangladesh
,,,Bangladesh
,,,Bangladesh
,,,Bangladesh
,,,Bangladesh
,,,Bangladesh
,,,Bangladesh
,,,Bangladesh
,,,Bangladesh
,,,Bangladesh
,,,Bangladesh
,,,Bangladesh
,,,Bangladesh
,,,Bangladesh
,,,Bangladesh
,,,Bangladesh
,,,Bangladesh
,,,Bangladesh
,,,Bangladesh
,,,Bangladesh
,,,Bangladesh
,,,Bangladesh
,,,Bangladesh
,,,Bangladesh
,,,Bangladesh
,,,Bangladesh
,,,Bangladesh
,,,Bangladesh
,,,Bangladesh
,,,Bangladesh
,,,Bangladesh
,,,Bangladesh
,,,Bangladesh
,,,Bangladesh
,,,Bangladesh
,,,Bangladesh
,,,Bangladesh
,,,Bangladesh
,,,Bangladesh
,,,Bangladesh
,,,Bangladesh
,,,Bangladesh
,,,Bangladesh
,,,Bangladesh
,,,Bangladesh
,,,Bangladesh
,,,Bangladesh
,,,Bangladesh
,,,Bangladesh
,,,Bangladesh
,,,Bangladesh
,,,Bangladesh
,,,Bangladesh
,,,Bangladesh
,,,Bangladesh
,,,Bangladesh
,,,Bangladesh
,,,Bangladesh
,,,Bangladesh
,,,Bangladesh
,,,Bangladesh
,,,Bangladesh
,,,Bangladesh
,,,Bangladesh
,,,Bangladesh
,,,Bangladesh
,,,Bangladesh
,,,Bangladesh
,,,Bangladesh
,,,Bangladesh
,,,Bangladesh
,,,Bangladesh
,,,Bangladesh
,,,Bangladesh
,,,Bangladesh
,,,Bangladesh
,,,Bangladesh
,,,Bangladesh
,,,Bangladesh
,,,Bangladesh
,,,Bangladesh
,,,Bangladesh
,,,Bangladesh
,,,Bangladesh
,,,Bangladesh
,,,Bangladesh
,,,Bangladesh
,,,Bangladesh
,,,Bangladesh
,,,Bangladesh
,,,Bangladesh
,,,Bangladesh
,,,Bangladesh
,,,Bangladesh
,,,Bangladesh
,,,Bangladesh
,,,Bangladesh
,,,Bangladesh
,,,Bangladesh
,,,Bangladesh
,,,Bangladesh
,,,Bangladesh
,,,Bangladesh
,,,Bangladesh
,,,Bangladesh
,,,Bangladesh
,,,Bangladesh
,,,Bangladesh
,,,Bangladesh
,,,Bangladesh
,,,Bangladesh
,,,Bangladesh
,,,Bangladesh
,,,Bangladesh
,,,Bangladesh
,,,Bangladesh
,,,Bangladesh
,,,Bangladesh
,,,Bangladesh
,,,Bangladesh
,,,Bangladesh
,,,Bangladesh
,,,Bangladesh
,,,Bangladesh
,,,Bangladesh
,,,Bangladesh
,,,Bangladesh
,,,Bangladesh
,,,Bangladesh
,,,Bangladesh
,,,Bangladesh
,,,Bangladesh
,,,Bangladesh
,,,Bangladesh
,,,Bangladesh
,,,Bangladesh
,,,Bangladesh
,,,Bangladesh
,,,Bangladesh
,,,Bangladesh
,,,Bangladesh
,,,Bangladesh
,,,Bangladesh
,,,Bangladesh
,,,Bangladesh
,,,Bangladesh
,,,Bangladesh
,,,Bangladesh
,,,Bangladesh
,,,Bangladesh
,,,Bangladesh
,,,Bangladesh
,,,Bangladesh
,,,Bangladesh
,,,Bangladesh
,,,Bangladesh
,,,Bangladesh
,,,Bangladesh
,,,Bangladesh
,,,Bangladesh
,,,Bangladesh
,,,Bangladesh
,,,Bangladesh
,,,Bangladesh
,,,Bangladesh
,,,Bangladesh
,,,Bangladesh
,,,Bangladesh
,,,Bangladesh
,,,Bangladesh
,,,Bangladesh
,,,Bangladesh
,,,Bangladesh
,,,Bangladesh
,,,Bangladesh
,,,Bangladesh
,,,Bangladesh
,,,Bangladesh
,,,Bangladesh
,,,Bangladesh
,,,Bangladesh
,,,Bangladesh
,,,Bangladesh
,,,Bangladesh
,,,Bangladesh
,,,Bangladesh