year,mean_sur_temp_cel,5year_gaussian_smooth_mean,max _sur_temp_cel,5year_gaussian_smooth_max,min_sur_temp_cel,5year_gaussian_smooth_min,Country_name
1901,25.28,25.21,30.03,29.91,20.57,20.55,Bangladesh
1902,25.16,25.18,29.95,29.89,20.41,20.51,Bangladesh
1903,25.29,25.15,29.89,29.87,20.72,20.48,Bangladesh
1904,25.01,25.12,29.75,29.85,20.31,20.44,Bangladesh
1905,24.69,25.1,29.28,29.83,20.14,20.41,Bangladesh
1906,25.2,25.08,29.73,29.82,20.72,20.39,Bangladesh
1907,25.1,25.07,29.98,29.82,20.26,20.37,Bangladesh
1908,25.31,25.07,30.32,29.82,20.35,20.37,Bangladesh
1909,25.31,25.08,30.09,29.83,20.58,20.37,Bangladesh
1910,24.96,25.08,29.74,29.83,20.23,20.38,Bangladesh
1911,24.96,25.09,29.66,29.83,20.31,20.39,Bangladesh
1912,25.11,25.09,29.8,29.82,20.47,20.41,Bangladesh
1913,24.85,25.09,29.46,29.81,20.29,20.43,Bangladesh
1914,24.97,25.09,29.79,29.79,20.2,20.45,Bangladesh
1915,25.56,25.1,30.15,29.79,21.02,20.47,Bangladesh
1916,25.29,25.12,29.88,29.79,20.75,20.51,Bangladesh
1917,24.87,25.16,29.51,29.82,20.28,20.55,Bangladesh
1918,24.97,25.21,29.69,29.88,20.3,20.6,Bangladesh
1919,25.37,25.27,30.17,29.95,20.62,20.65,Bangladesh
1920,25.42,25.34,30.11,30.02,20.77,20.7,Bangladesh
1921,25.45,25.39,30.11,30.09,20.84,20.74,Bangladesh
1922,25.48,25.42,30.29,30.13,20.72,20.76,Bangladesh
1923,25.45,25.42,30.16,30.13,20.79,20.75,Bangladesh
1924,25.65,25.39,30.22,30.11,21.13,20.73,Bangladesh
1925,24.83,25.35,29.45,30.07,20.27,20.69,Bangladesh
1926,25.28,25.31,30.03,30.03,20.59,20.64,Bangladesh
1927,25.2,25.28,29.99,30.01,20.47,20.6,Bangladesh
1928,25.5,25.27,30.39,30.02,20.66,20.57,Bangladesh
1929,25.3,25.29,30.14,30.08,20.51,20.56,Bangladesh
1930,25.21,25.33,30.02,30.16,20.45,20.56,Bangladesh
1931,25.66,25.38,30.37,30.24,21.01,20.58,Bangladesh
1932,25.59,25.43,30.33,30.31,20.9,20.6,Bangladesh
1933,25.17,25.46,30.16,30.34,20.24,20.63,Bangladesh
1934,25.36,25.47,30.19,30.33,20.58,20.65,Bangladesh
1935,25.6,25.46,30.59,30.28,20.67,20.68,Bangladesh
1936,25.36,25.44,30.15,30.22,20.62,20.72,Bangladesh
1937,25.36,25.43,30.12,30.16,20.65,20.75,Bangladesh
1938,25.47,25.43,30.08,30.12,20.92,20.79,Bangladesh
1939,25.52,25.46,30.18,30.12,20.91,20.84,Bangladesh
1940,25.38,25.5,30.02,30.17,20.78,20.89,Bangladesh
1941,25.72,25.56,30.36,30.23,21.12,20.93,Bangladesh
1942,25.76,25.6,30.48,30.31,21.09,20.95,Bangladesh
1943,25.5,25.63,30.21,30.36,20.85,20.95,Bangladesh
1944,25.6,25.63,30.46,30.39,20.78,20.91,Bangladesh
1945,25.35,25.58,30.08,30.38,20.67,20.84,Bangladesh
1946,25.61,25.52,30.5,30.34,20.76,20.75,Bangladesh
1947,25.77,25.44,30.6,30.29,20.99,20.65,Bangladesh
1948,25.33,25.38,30.09,30.25,20.62,20.56,Bangladesh
1949,25,25.33,29.91,30.23,20.14,20.49,Bangladesh
1950,25.28,25.33,30.24,30.25,20.37,20.46,Bangladesh
1951,25.53,25.35,30.58,30.29,20.54,20.46,Bangladesh
1952,25.47,25.4,30.38,30.36,20.6,20.48,Bangladesh
1953,25.64,25.45,30.55,30.43,20.77,20.52,Bangladesh
1954,25.43,25.5,30.45,30.5,20.45,20.55,Bangladesh
1955,25.36,25.54,30.36,30.54,20.41,20.58,Bangladesh
1956,25.28,25.55,30.19,30.56,20.43,20.59,Bangladesh
1957,25.53,25.56,30.74,30.57,20.37,20.6,Bangladesh
1958,26.12,25.55,31.16,30.56,21.13,20.6,Bangladesh
1959,25.36,25.54,30.15,30.54,20.61,20.59,Bangladesh
1960,25.7,25.52,30.81,30.51,20.65,20.59,Bangladesh
1961,25.37,25.51,30.16,30.49,20.63,20.58,Bangladesh
1962,25.33,25.49,30.48,30.46,20.24,20.58,Bangladesh
1963,25.37,25.48,30.4,30.42,20.38,20.58,Bangladesh
1964,25.56,25.45,30.34,30.38,20.83,20.57,Bangladesh
1965,25.29,25.42,30.23,30.34,20.39,20.55,Bangladesh
1966,25.68,25.38,30.59,30.29,20.83,20.53,Bangladesh
1967,25.21,25.34,30.13,30.23,20.34,20.49,Bangladesh
1968,25.18,25.3,30,30.18,20.41,20.47,Bangladesh
1969,25.56,25.27,30.56,30.14,20.6,20.45,Bangladesh
1970,25.41,25.26,30.15,30.12,20.73,20.44,Bangladesh
1971,24.82,25.27,29.58,30.12,20.11,20.47,Bangladesh
1972,25.4,25.3,30.55,30.14,20.29,20.51,Bangladesh
1973,25.52,25.34,30.16,30.17,20.92,20.57,Bangladesh
1974,25.25,25.39,29.94,30.2,20.61,20.63,Bangladesh
1975,25.39,25.43,30.29,30.23,20.55,20.68,Bangladesh
1976,25.48,25.45,30.38,30.23,20.63,20.71,Bangladesh
1977,25.2,25.44,29.81,30.21,20.64,20.72,Bangladesh
1978,25.27,25.42,30.12,30.17,20.48,20.72,Bangladesh
1979,25.98,25.4,30.76,30.14,21.24,20.71,Bangladesh
1980,25.59,25.39,30.27,30.13,20.97,20.71,Bangladesh
1981,25.28,25.41,29.86,30.14,20.74,20.73,Bangladesh
1982,25.39,25.47,30.23,30.2,20.6,20.79,Bangladesh
1983,25.39,25.55,30.1,30.29,20.74,20.86,Bangladesh
1984,25.5,25.64,30.3,30.39,20.74,20.95,Bangladesh
1985,25.74,25.72,30.51,30.47,21.03,21.02,Bangladesh
1986,25.57,25.77,30.4,30.51,20.8,21.07,Bangladesh
1987,25.88,25.76,30.62,30.49,21.19,21.08,Bangladesh
1988,25.99,25.7,30.62,30.41,21.42,21.05,Bangladesh
1989,25.66,25.62,30.42,30.29,20.94,21,Bangladesh
1990,25.58,25.53,29.94,30.17,21.28,20.93,Bangladesh
1991,25.42,25.45,30.01,30.08,20.88,20.87,Bangladesh
1992,25.18,25.41,29.94,30.04,20.47,20.83,Bangladesh
1993,25.27,25.42,29.98,30.07,20.62,20.82,Bangladesh
1994,25.55,25.47,30.3,30.16,20.84,20.84,Bangladesh
1995,25.85,25.55,30.55,30.27,21.21,20.87,Bangladesh
1996,25.67,25.62,30.56,30.39,20.83,20.91,Bangladesh
1997,25.18,25.68,29.84,30.47,20.57,20.94,Bangladesh
1998,25.91,25.71,30.6,30.5,21.28,20.96,Bangladesh
1999,26.02,25.7,30.86,30.49,21.25,20.97,Bangladesh
2000,25.28,25.69,29.99,30.45,20.61,20.98,Bangladesh
2001,25.86,25.68,30.68,30.42,21.09,21,Bangladesh
2002,25.76,25.7,30.47,30.42,21.1,21.03,Bangladesh
2003,25.78,25.75,30.48,30.47,21.12,21.08,Bangladesh
2004,25.7,25.84,30.48,30.58,20.98,21.15,Bangladesh
2005,25.97,25.95,30.71,30.71,21.28,21.23,Bangladesh
2006,26.19,26.05,31.02,30.84,21.42,21.3,Bangladesh
2007,25.97,26.12,30.83,30.94,21.16,21.34,Bangladesh
2008,25.74,26.13,30.39,30.98,21.14,21.34,Bangladesh
2009,26.49,26.08,31.47,30.94,21.57,21.28,Bangladesh
2010,26.38,25.99,31.21,30.83,21.61,21.19,Bangladesh
2011,25.74,25.86,30.56,30.69,20.98,21.07,Bangladesh
2012,25.47,25.72,30.4,30.54,20.59,20.96,Bangladesh
2013,25.18,25.6,29.99,30.4,20.42,20.85,Bangladesh
2014,25.65,25.51,30.49,30.29,20.85,20.79,Bangladesh
2015,25.45,25.47,30.17,30.23,20.77,20.75,Bangladesh
2016,25.88,25.46,30.53,30.21,21.29,20.76,Bangladesh
2017,25.68,25.47,30.27,30.21,21.15,20.79,Bangladesh
2018,25.3,25.52,30.09,30.25,20.56,20.84,Bangladesh
2019,25.65,25.58,30.36,30.3,20.98,20.92,Bangladesh
2020,25.42,25.66,30.1,30.37,20.78,21.01,Bangladesh
2021,25.76,25.76,30.57,30.45,21,21.12,Bangladesh
2022,25.75,25.86,30.45,30.53,21.09,21.24,Bangladesh
2023,26.02,25.97,30.81,30.63,21.29,21.36,Bangladesh
2024,26.18,26.08,30.65,30.73,21.75,21.49,Bangladesh