Union_name,thana_name
Mandari,Lakshmipur Sadar
Pourashava Parisad,Lakshmipur Sadar
Parbatipur,Parbatipur
Barogharia,Nawabganj Sadar
Maharajpur,Nawabganj Sadar
Jhilim,Nawabganj Sadar
Shakchar,Lakshmipur Sadar
Dalal Bazar,Lakshmipur Sadar
Dakshin Hamchadi,Lakshmipur Sadar
Uttar Hamchadi,Lakshmipur Sadar
Parbatinagar,Lakshmipur Sadar
Raipur,Raipur (L)
Bangakhan,Lakshmipur Sadar
Baksipur,Lakshmipur Sadar
Dattapara,Lakshmipur Sadar
Hajirpara,Lakshmipur Sadar
Uttar Joypur,Lakshmipur Sadar
Chandraganj,Lakshmipur Sadar
Charsai,Lakshmipur Sadar
Dighali,Lakshmipur Sadar
Kushakhali,Lakshmipur Sadar
Bhabaniganj,Lakshmipur Sadar
Laharkandi,Lakshmipur Sadar
Char Ruhita,Lakshmipur Sadar
Lakshmipur Paurashava,Lakshmipur Sadar
Chandipur,Ramganj
Faridpur Paurashava,Faridpur Sadar
Ambikapur,Faridpur Sadar
Aliabad,Faridpur Sadar
Kaijuri,Faridpur Sadar
Kanaipur,Faridpur Sadar
Greda,Faridpur Sadar
Char Madhabdia,Faridpur Sadar
Uttar Channel,Faridpur Sadar
Ishan Gopalpur,Faridpur Sadar
Majchar,Faridpur Sadar
Krishnanagar,Faridpur Sadar
Decreer Char,Faridpur Sadar
Nawabganj Paurashava,Nawabganj Sadar
Baliadanga,Nawabganj Sadar
Ranihati,Nawabganj Sadar
Gobratala,Nawabganj Sadar
Sundorpur,Nawabganj Sadar
Narayandpur,Nawabganj Sadar
Islampur,Nawabganj Sadar
Debinagar,Nawabganj Sadar
Char Bagadanga,Nawabganj Sadar
Shajahanpur,Nawabganj Sadar
Alatuli,Nawabganj Sadar
Nirzampur,Nachole
Char Anupnagar,Nawabganj Sadar
Binodpur,Shibganj (N)
Shabazpur,Shibganj (N)
Mankasa,Shibganj (N)
Shyampur,Shibganj (N)
Durlabpur,Shibganj (N)
Kansat,Shibganj (N)
Salrajitpur,Shibganj (N)
Mabarakbur,Shibganj (N)
Shibganj,Shibganj (N)
Dhainagar,Shibganj (N)
Nayanobhanga,Shibganj (N)
Panka,Shibganj (N)
Uzirpur,Shibganj (N)
Nawabganj,Nawabganj Sadar
Ch Nawabganj,Nawabganj Sadar
Dhinagar,Shibganj (N)
Chatkil,Chatkhil
Dighirpar,Chatkhil
Pachgaon,Chatkhil
Satmara,Tetulia
Boda,Boda
Gurai,Mirzapur
Salander,Thakurgaon Sadar
Jamalpur,Jamalpur Sadar
Birgong,Birganj
Ranisanwail,Ranisankail
Sibrampur,Dinajpur Sadar
Hakimpur,Hakimpur
Chilahati,Domar
Nilphamari,Nilphamari Sadar
Barakhta,Hatibandha
Jaldhaka,Jaldhaka
Rangipur,Rangpur Sadar
Lalmonihat,Lalmonirhat Sadar
Nagieshwari,Nageshwari
Ulipur,Ulipur
Bamandaga,Sundarganj
Boalia,Gaibandha Sadar
Gabindagons,Gobindaganj
Madergonj,Jamalpur Sadar
Santahar,Adamdighi
Giokul,Bogra Sadar
Patnitala,Patnitala
Manda,Manda
Rahandur,Mathbaria
Shibgong,Shibganj (B)
Giodagari,Godagari
Sapura,Rajpara
Charghat,Charghat
Natore,Natore Sadar
Singra,Singra
Lalpur,Lalpur
Roygong,Raiganj
Sirjgong,Sirajganj Sadar
Chatmohur,Chatmohar
Pabna,Pabna Sadar
Sujanager,Sujanagar
Nagierbari,Bera
Chukaibari,Dewanganj
Pragpur,Daulatpur (Ku)
Haluagher,Haluaghat
Vharamara,Bheramara
Kushtia,Kushtia Sadar
Sherpur,Sherpur Sadar
Meherpur,Meherpur Sadar
Sharishabari,Sarishabari
Darsana,Chuadanga Sadar
Sadar,Mymensingh Sadar
Jhinaidha,Jhenaidah Sadar
Magura,Magura Sadar
Goital,Kishoreganj Sadar
Jessore,Jessore Sadar
Saltia,Gafargaon
Narail,Narail Sadar
Bhairab,Bhairab
Godkhali,Jhikargachha
Madhupur,Madhupur
Khulna,Khulna Sadar
Satkhira,Satkhira Sadar
Baithgram,Bagerhat Sadar
Chalna,Dacope
Sreepur,Sripur
Bagierhat,Bagerhat Sadar
Narshingdi,Narsingdi Sadar
Khalishpur,Khulna Metro
Motijheel,Motijheel
Municipality,Pangsha
Bhaishakul,Rajbari Sadar
Mohammedpur,Mohammadpur (D)
Gohira,Anowara
Battali,Anowara
Shaktala,Comilla Sadar
Daudkandi,Daudkandi
Nabaratpur,Laksam
Aligonj,Hajiganj
Shologhar,Srinagar
Sonapur,Noakhali Sadar
Pachgadria,Feni Sadar
PSHathajani,Hathazari
Chandgown,Chandgaon
Anwara,Anowara
Satkania,Satkania
Ukhia,Ukhia
Rahamatpur,Sandwip
Gorukghata,Maheshkhali
Baraghope,Kutubdia
BWDB Guest house,Maheshkhali
Railway station,Akhaura
Kasimpur,Muradnagar
Chunarughat Bazar,Chunarughat
Rajanagar,Habiganj Sadar
Sultanpur,Maulvi Bazar Sadar
Shiddirganj,Shiddirganj
Khoksa,Khoksa
Chhagalnaiya,Chhagalnaiya
Jampur,Sonargaon
Krishnapur,Manikganj Sadar
Putail,Manikganj Sadar
Sutipara,Dhamrai
Sakta,Keraniganj
Taranagar,Keraniganj
Rampal,Munshiganj Sadar
Senhati,Dighalia
Mohammadpur,Mohammadpur (M)
Paurashava w03,Mongla
Habakhali,Sreepur (M)
Sabdalpur,Sreepur (M)
Phulsara,Chaugachha
Hardi,Alamdanga
Kodalpur,Gosairhat
Aminpur,Dhaka
Tarabo,Rupganj
Satgram,Araihazar
Kutubpur,Fatulla
Dhalla,Singair
Ward no-05,Narayanganj Sadar
Bandar,Bandar
Garpara,Manikganj Sadar
Ulail,Shibalaya
Chakmirpur,Daulatpur (M)
Chala,Harirampur
Baniajuri,Ghior
Baliati,Saturia
Dhamrai,Dhamrai
Savar,Savar
Basta,Dohar
Joypara,Dohar
Bandura,Nawabganj (Dh)
Damodarpur,Phultala
Batiaghata,Batiaghata
Soladana,Paikgachha
Jhaodanga,Satkhira Sadar
Terokhada,Terokhada
T.S Bahirdia,Rupsa
Ward-10,Khulna Metro
Dighalia,Dighalia
Deana,Khulna Metro
Dumuria,Dumuria
Bahirdia Mansa,Fakirhat
Nalta,Kaliganj (S)
Kulia,Debhata
Gaola,Mollahat
Perikhali,Rampal
Arpara,Shalikha
Helatola,Kalaroa
Shyamnagar,Shyamnagar
Tala,Tala
Baradal,Assasuni
Santospur,Chitalmari
Teligati,Morrelganj
Khontakata,Sarankhola
Bemarta,Bagerhat Sadar
Paurashava,Abhaynagar
Labutala,Jessore Sadar
Jiban Nagar,Jiban Nagar
Baluhar,Kotchandpur
Kancherkol,Shailkupa
Daulatpur,Daulatpur (Ku)
"Paurashova, W04",Jiban Nagar
Dhopakhali,Jiban Nagar
Buridanga,Dacope
Bahirchar,Bheramara
Chanchari,Kalia
Nizampur,Sharsha
Keshabpur,Keshabpur
Damurhuda,Damurhuda
Mominpur,Chuadanga Sadar
Dhankhola,Gangni
Kola,Kaliganj (J)
Auria,Narail Sadar
Chaugachha,Chaugachha
Shyamkur,Chaugachha
Dohakula,Bagher Para
Paurashava W01,Moheshpur
Pourasava w02,Moheshpur
Paurashava W07,Jessore Sadar
Barakhada,Kushtia Sadar
Baharampur,Dashmina
Bakal,Agailjhara
Daspara,Bauphal
Patharghata,Patharghata
Kawkhali,Kawkhali
Deuli SubidkhaIi,Mirzaganj
Nilganj,Kalapara
Barabagi,Amtali
Betagi,Betagi
Idilpur,Gosairhat
Chiknikandi,Galachipa
Badarkhali,Barguna Sadar
Bamna,Bamna
Bhandaria,Bhandaria
Parerhat,Indurkani
Rajapur,Rajapur
Nathullabad,Nalchity
Gabkhan Dhansiri,Jhalakati Sadar
Kathalia,Kathalia
Damudya,Damudya
Sakhipura,Bhedarganj
Rambhadrapur,Bhedarganj
Naria,Naria
Patgati,Tungipara
Fukura,Palong
Paurashava W03,Kotalipara
Ghagor,Kotalipara
Tengrakhola,Kotalipara
Buraich,Muksudpur
Shekhar,Alfadanga
Bhanga,Bhanga
Kharkharapur,Boalmari
Zanjira,Zanjira
Sadarpur,Sadarpur
Pangsha,Pangsha
Kamarkhali,Madhukhali
Nagarkanda,Nagarkanda
Gazirtek,Char Bhadrasan
Rahmatpur,Babuganj
Jambaria,Bholahat
Shahbazpur,Shibganj (N)
Gomastapur,Gomastapur
Saranjai,Tanore
Belpukuna,Puthia
Maugachhi,Mohanpur
Harian,Paba
Bagatipara,Bagatipara
Gopalpur,Baraigram
Baraigram,Baraigram
Lakshmipur khol.,Gurudaspur
Chatmohar,Chatmohar
Debottar,Atgharia
Banwarinagar,Faridpur
Bhangura,Bhangura
Malanchi,Pabna Sadar
Sara,Ishwardi
Brahmanpara,Brahmanpara
D. Daudkandi,Daudkandi
Pasc. Chandina,Chandina
U. Ramchandrapur,Muradnagar
Roykot,Nangalkot
Baghadi,Chandpur Sadar
Purba Burichang,Burichang
U. Barashalghar,Debidwar
Chauddagram,Chauddagram
Uttar Homna,Homna
Paurashava W02,Homna
Bijoypur,Homna
Kadla,Kachua (C)
Sangarchar,Matlab
Uttar Faridganj,Faridganj
Daks. Bhabanipur,Barura
Nilkamal,Haimchar
Char Alexander,Ramgati
Char Ababil,Ramgati
Badarpur,Lalmohan
Uttar Suchipara,Shahrasti
Char kakra,Companiganj (N)
Chandpur,Tazumuddin
Jirtali,Begumganj
Chatkhil,Chatkhil
Kadra,Senbagh
Dharmapur,Noakhali Sadar
Chithalia,Parshuram
Purba chandrapur,Daganbhuiyan
Chambal,Banshkhali
SMA W24,Double Mooring
SMA W25,Kotwali (C)
Anandapur,Fulgazi
Char majlishpur,Sonagazi
Anowara,Anowara
SMA W23,Pahartali
SMA W39,Chittagong Port
Khuntakhali,Chakaria
Rajapalong,Ukhia
Gorakghata,Maheshkhali
SMA W11,Panchlaish
SMA W30,Double Mooring
Teknaf,Teknaf
Jhilwanja,Cox's Bazar Sadar
Patanushar,Kamalganj
Hajipur,Kulaura
Bishwanath,Bishwanath
Zakiganj,Zakiganj
Khalilpur,Rajnagar
Rajnagar,Rajnagar
Balaganj,Balaganj
Mathura,Beanibazar
Barlekha,Barlekha
Fenchuganj,Fenchuganj
Paschim amura,Golapganj
Kanaighat,Kanaighat
Paurashava w3,Kanaighat
Chhatak,Chhatak
Nizpat,Jaintiapur
Fatepur,Gowainghat
Pourashava w3,Gowainghat
Patali,Jagannathpur
Deorgach,Chunarughat
Karab,Lakhai
Badeshwar,Bahubal
Madhabpur,Madhabpur
Tegharia,Habiganj Sadar
Nabiganj,Nabiganj
Chunta,Sarail
Paurashava w1,Brahmanbaria Sadar
Bayek,Kasba
Nasirnagar,Nasirnagar
Dakshin akhaura,Akhaura
Lohajang,Lohajang
Gazaria,Gazaria
Rasunia,Serajdikhan
Char kewar,Munshiganj Sadar
Bagra,Serajdikhan
Betka,Serajdikhan
D. Banchharampur,Banchharampur
Ratanpur,Nabinagar
Sitakund,Sitakund
Mirsarai,Mirsharai
Jorihhala,Ramu
West jaflong,Gowainghat
Ward 01,Hizla
Paurashava w01,Hizla
Kachua,Mirpur (K)
Santoshpur,Gournadi
Kalora,Gournadi
Paurashava w02,Gournadi
Kashipur,Bakerganj
Barajalia,Banaripara
Pourasava,Wazirpur
Bahalbaria,Mirpur (K)
Khanjapur,Gournadi
Bharpasha,Bakerganj
Banaripara,Banaripara
Shikarpur,Wazirpur
Burirchar,Nazirpur
Nazirpur,Nazirpur
Darichar Khajuri,Mehendiganj
Kazirchar,Muladi
Mirukhali,Nesarabad
Nesarabad,Nesarabad
Amua,Kathalia
Gouripur,Bhandaria
Bayratala,Shibchar
Rajoir,Rajoir
Enayetnagar,Kalkini
Baliakandi,Baliakandi
Talma,Nagarkanda
Ujanchar,Goalandaghat
Gamipur,Bagmara
Sardha,Bagha
Manigram,Bagha
Maria,Durgapur (R)
Sujanagar,Sujanagar
Gourigram,Santhia
Shyamgram,Santhia
Uttar Hawla,Burhanuddin
Kutba,Bhola Sadar
Jinnahgar,Char Fasson
Uttar joynagar,Daulatkhan
Pirojpur,Pirojpur Sadar
Badyer bazar,Sonargaon
Noagaon,Sonargaon
Murapara,Rupganj
Kanchon,Rupganj
Bholabo,Rupganj
Duptara,Araihazar
Araihazar,Araihazar
Sadasasrdi,Araihazar
Haizad,Araihazar
Godnail,Fatulla
Fatulla,Fatulla
Sayesta,Singair
Jamirta,Singair
Singair,Singair
Baira,Singair
Ward no-07,Narayanganj Sadar
Gognagar,Narayanganj Sadar
Mosapur,Bandar
Betila mitara,Manikganj Sadar
Bhararia,Manikganj Sadar
Uthali,Shibalaya
Teota,Shibalaya
Shibalaya,Shibalaya
Mohadebpur,Shibalaya
Boyra,Harirampur
Balara,Harirampur
Gopinathpur,Harirampur
Balla,Harirampur
Baliakhora,Ghior
Ghior,Ghior
Poila,Ghior
Baratia,Ghior
Nali,Ghior
Kalia,Dashmina
Dhamsar,Ghior
Khalsi,Ghior
Jiyanpur,Harirampur
Saturia,Saturia
Daragram,Saturia
Baraid,Saturia
Horgoz,Saturia
Fukurhati,Saturia
Tilli,Saturia
Dhankora,Saturia
Kulla,Dhamrai
Sombhag,Dhamrai
Balia,Dhamrai
Gangutia,Dhamrai
Sanora,Dhamrai
Nannar,Dhamrai
Pathalia,Savar
Ashulia,Savar
Yearpur,Savar
Shimulia,Savar
Tetulghora,Savar
Banagram,Savar
Hazrapur,Savar
Kalatia,Keraniganj
Ruhitpur,Keraniganj
Zinjira,Keraniganj
Teguria,Keraniganj
Kushumhati,Dohar
Nayabari,Dohar
Sutarpara,Dohar
Narisha,Dohar
Muksudpur,Dohar
Kalakupa,Nawabganj (Dh)
Bakshnagar,Nawabganj (Dh)
Galimpur,Nawabganj (Dh)
Charain,Nawabganj (Dh)
Barrah,Nawabganj (Dh)
Agla,Nawabganj (Dh)
Shamshernagar,Kamalganj
Munshibazar,Kamalganj
Rahimpur,Kamalganj
Modhabpur,Kamalganj
Kamalganj,Kamalganj
Alinagar,Kamalganj
Adampur,Kamalganj
Brahmanbazar,Kulaura
Baramchai,Kulaura
Kulaura,Kulaura
Fultala,Kulaura
Sagarnal,Kulaura
Jaifarnagar,Kulaura
Goalbari,Kulaura
Alankari,Bishwanath
Rampasha,Bishwanath
Dasghar,Bishwanath
Deokalash,Bishwanath
Lamakazi,Bishwanath
Kholachara,Zakiganj
Kazalshar,Zakiganj
Manumukh,Rajnagar
Amtail,Rajnagar
Upper Kagabala,Maulvi Bazar Sadar
Nazirabad,Maulvi Bazar Sadar
Mostafapur,Maulvi Bazar Sadar
Giasnagar,Maulvi Bazar Sadar
Ward-03,Maulvi Bazar Sadar
Ekatona,Maulvi Bazar Sadar
Ward-01,Maulvi Bazar Sadar
Panchgaon,Rajnagar
Uttarbhagh,Rajnagar
Tengra,Rajnagar
Kamarchak,Rajnagar
Mansurnagar,Rajnagar
Osmanpur,Balaganj
Sadipur,Balaganj
Burunza,Balaganj
Umarpur,Balaganj
Dewanbazar,Balaganj
Dayamir,Balaganj
Tilpara,Beanibazar
Muria,Beanibazar
Kalighat,Srimangal
Rajghat,Srimangal
Satgaon,Srimangal
Mirjapur,Srimangal
Banabhir,Srimangal
Kalapur,Srimangal
Uttar Shahabajpu,Barlekha
Daskin Shahabajp,Barlekha
Daserbazar,Barlekha
Dakshin bag utta,Barlekha
Purbojuri,Barlekha
Gilachara,Fenchuganj
Gillachara,Fenchuganj
Maizgaon,Fenchuganj
Dhaka daskhin,Golapganj
Lakhanabond,Golapganj
Lakshmipasha,Golapganj
Fulbari,Golapganj
Golapganj,Golapganj
Bara chatul,Kanaighat
Rajaganj,Kanaighat
Jhingabari,Kanaighat
Dighirpar purba,Kanaighat
Dhigirpar paschi,Kanaighat
Ranikheli,Kanaighat
Manikpur,Kanaighat
Barathakuri,Kanaighat
Barahal,Kanaighat
Lengura,Companiganj (S)
Purba Pagla,Sunamganj Sadar
Durgapasha,Sunamganj Sadar
Paschim Pagla,Sunamganj Sadar
Jaykalas,Sunamganj Sadar
Patharia,Sunamganj Sadar
Mohanpur,Sunamganj Sadar
Rangarchar,Sunamganj Sadar
Saidergaon,Chhatak
Kalaruka,Chhatak
Saila Afzalabad,Chhatak
Mollapur,Beanibazar
Sheola,Beanibazar
Dobhag,Beanibazar
Charkhai,Beanibazar
Purba Jaflong,Gowainghat
Jaintiapur,Jaintiapur
Alirgaon,Jaintiapur
Darbosta,Jaintiapur
Charikhata,Jaintiapur
Mogalgaon,Sylhet Sadar
Tuker bazar,Sylhet Sadar
Khadimpara,Sylhet Sadar
Kuchai,Sylhet Sadar
Moglabazar,Sylhet Sadar
Silam,Sylhet Sadar
Kalkalia,Jagannathpur
Jagannathpur,Jagannathpur
Raniganj,Jagannathpur
Pailgaon,Jagannathpur
Jagannthpur,Jagannathpur
Mirpur,Jagannathpur
Jawarbazar,Chhatak
Dakshin Khurma,Chhatak
Uttar Khurma,Chhatak
Telikheli,Chhatak
Nandirgaon,Gowainghat
Towakul,Gowainghat
Gazipur,Chunarughat
Ahamadabad,Chunarughat
Shatiajuri,Chunarughat
Ubahata,Chunarughat
Shankhola,Chunarughat
Bulla,Lakhai
Bamai,Lakhai
Murakuri,Lakhai
Muriauk,Lakhai
Satkapan,Bahubal
Adair,Bahubal
Chawmohani,Bahubal
Jagadishpur,Madhabpur
Chhatain,Madhabpur
Bagusura,Madhabpur
Poil,Habiganj Sadar
Nizapur,Habiganj Sadar
Nurpur,Habiganj Sadar
Shaistagonj,Habiganj Sadar
Lukhra,Habiganj Sadar
Ward-02,Habiganj Sadar
Kargaon,Nabiganj
Aushkandi,Nabiganj
Debpara,Nabiganj
Paniunda,Nabiganj
Bausha,Nabiganj
Kaliar banga,Nabiganj
Kalikachha,Sarail
Sarail,Sarail
Sahajadapur,Sarail
Dakshin panism,Sarail
Kaimpur,Kasba
Kasba,Kasba
Mehari,Kasba
Kuti,Kasba
Dakshin badair,Kasba
Utter badair,Kasba
Uttar Araisidha,Ashuganj / Sarail
Pachim Sharifpur,Ashuganj / Sarail
Shanghat,Bahubal
Putijuri,Bahubal
Lamatashi,Bahubal
Fandauk,Nasirnagar
Burishwar,Nasirnagar
Purbo Bagh,Nasirnagar
Gokarna,Nasirnagar
Kunda,Nasirnagar
Uttar akhaura,Akhaura
Maniands,Akhaura
Dharkhar,Akhaura
Mogra,Akhaura
Dakishin Akhaura,Akhaura
Paurashava w2,Akhaura
Mojlishpur,Brahmanbaria Sadar
Budunthi,Nasirnagar
Paharpur,Kasba
Pattan,Brahmanbaria Sadar
Purbo talshahar,Brahmanbaria Sadar
Ramrail,Brahmanbaria Sadar
Basudeb,Brahmanbaria Sadar
Singerbil Dakin,Akhaura
Gaodia,Lohajang
Teotia,Lohajang
Haldia,Lohajang
Kumarbagh,Lohajang
Medinimandal,Lohajang
Imampur,Gazaria
Bhaberchar,Gazaria
Bausia,Gazaria
Baluakandi,Gazaria
Hossaindi,Gazaria
Jainsar,Serajdikhan
Malkhanagar,Serajdikhan
Bayragadi,Serajdikhan
Basail,Serajdikhan
Keyan,Serajdikhan
Madanpur,Serajdikhan
Bajra jigini,Serajdikhan
Mahakhali,Munshiganj Sadar
Mollakandi,Munshiganj Sadar
Panchasar,Munshiganj Sadar
Bhagyakul,Srinagar
Rarikhal,Srinagar
Srinagar,Srinagar
Patabhog,Srinagar
Tantar,Srinagar
Sholaghar,Srinagar
Hasara,Srinagar
Autshahi,Tongibari
Arial,Tongibari
Sonarang tongiba,Tongibari
Dhipur,Tongibari
Char silai,Tongibari
Kamarkhara,Tongibari
Jashalong,Tongibari
Pourashava w-02,Phultala
Phultala,Phultala
Jumira,Phultala
Atragilatala,Phultala
Gangarampur,Batiaghata
Jalma,Batiaghata
Amirpur,Batiaghata
Bhandarkota,Batiaghata
Laskar,Paikgachha
Raruli,Paikgachha
Gadaipur,Paikgachha
Kapilmuni,Paikgachha
Ward 07,Paikgachha
Ward 04,Paikgachha
Ward 03,Paikgachha
Ward 05,Paikgachha
Banshdaha,Satkhira Sadar
Barasat,Terokhada
Sagladah,Terokhada
Ajugara,Terokhada
T.S. Bahirdia,Rupsa
Ghatbhogh,Rupsa
Naihati,Rupsa
Aijganti,Rupsa
Sreefaltala,Rupsa
Ward-12,Khulna Metro
Ward-13,Khulna Metro
Ward-07,Khulna Metro
Ward-09,Khulna Metro
Ward 06,Khulna Metro
Ward 09,Khulna Metro
Fingri,Satkhira Sadar
Dhulihar,Satkhira Sadar
Barakpur,Dighalia
Sahas,Dumuria
Sarappur,Dumuria
Maguraghona,Dumuria
Atlia,Dumuria
Rudaghara,Dumuria
Raghunathpur,Dumuria
Bahirdia mansa,Fakirhat
Subhadia,Fakirhat
Betaga,Fakirhat
Piljanga,Fakirhat
Fakirhat,Fakirhat
Mulghar,Fakirhat
Ward 14,Khulna Metro
Ward 12,Khulna Metro
Ward 11,Khulna Metro
Ward 13,Khulna Metro
Bhara Simla,Kaliganj (S)
Mathureshpur,Kaliganj (S)
Dhalbaria,Kaliganj (S)
Bishnupur,Kaliganj (S)
Tarali,Kaliganj (S)
Parulia,Debhata
Noapara,Debhata
Sakhipur,Debhata
Debhata,Debhata
Udaypur,Mollahat
Atjuri,Mollahat
Kodalia,Mollahat
Banshtali,Rampal
Gaurambha,Rampal
Ujalkur,Rampal
Dhaneshwargati,Shalikha
Talkhari,Shalikha
Shatakhali,Shalikha
Shalikha,Shalikha
Bunagati,Shalikha
Salamabad,Kalaroa
Bauisena,Kalaroa
Kalabaria,Kalaroa
Shibpur,Kalaroa
Baikari,Satkhira Sadar
Ghona,Satkhira Sadar
Alipur,Satkhira Sadar
Bhomra,Satkhira Sadar
Keralkata,Kalaroa
Diara,Kalaroa
Jugikhali,Kalaroa
Keragachhi,Kalaroa
Sonabaria,Kalaroa
Chandanpur,Kalaroa
Kashimari,Shyamnagar
Iswaripur,Shyamnagar
Nurnagar,Shyamnagar
Brahma Rajpur,Satkhira Sadar
Paurashava W-03,Shyamnagar
Paurashava W-02,Shyamnagar
Paurashava W-01,Shyamnagar
Khalilnagar,Tala
Tentulia,Tala
Kumira,Tala
Khesra,Tala
Sarulia,Tala
Dhandia,Tala
Khajra,Assasuni
Anulia,Assasuni
Sobhnali,Assasuni
Budhhata,Assasuni
Maghia,Chitalmari
Rari Para,Chitalmari
Badhal,Bagerhat Sadar
Char Baniari,Chitalmari
Bara Baria,Chitalmari
Bhurulia,Shyamnagar
Daibagnyahati,Morrelganj
Balaibunia,Morrelganj
Hoglapasha,Morrelganj
Barai khali,Morrelganj
Dakshin Khali,Sarankhola
Raenda,Sarankhola
Shat Gambuj,Bagerhat Sadar
Rakhalgachhi,Bagerhat Sadar
Jatrapur,Bagerhat Sadar
Paurashava w02,Bagerhat Sadar
Karapara,Bagerhat Sadar
Khanpur,Bagerhat Sadar
Singasolpur,Abhaynagar
Tularampur,Narail Sadar
Mulia,Narail Sadar
Atharakhada,Narail Sadar
Kasundi,Narail Sadar
Jagdal,Narail Sadar
Chaulia,Narail Sadar
Birail palita,Narail Sadar
Satrujitpur,Magura Sadar
Palashbaria,Mohammadpur (M)
Nahata,Mohammadpur (M)
Balidia,Mohammadpur (M)
Binodepur,Mohammadpur (M)
Babukhali,Mohammadpur (M)
Digha,Mohammadpur (M)
Jhikargachha,Jhikargachha
Gadkhali,Jhikargachha
Nabharan,Jhikargachha
Hazirbagh,Jhikargachha
Bakra,Jhikargachha
Shankarpur,Jhikargachha
Mahakal,Abhaynagar
Payra,Abhaynagar
Subharara,Abhaynagar
Sridharpur,Abhaynagar
Ichhali,Jessore Sadar
Narendrapur,Jessore Sadar
Andulbaria,Jiban Nagar
Banka,Jiban Nagar
Dora,Kotchandpur
Elangi,Kotchandpur
Kushna,Kotchandpur
Sarutia,Shailkupa
Dhalharachandra,Shailkupa
"Paurashova, W03",Shailkupa
"Paurashova, W01",Shailkupa
Umedpur,Shailkupa
Tribeni,Shailkupa
Mirzapur,Shailkupa
Dudshar,Shailkupa
Harinakunda,Harinakunda
Joradaha,Harinakunda
Ragunathpur,Harinakunda
Kapashatia,Harinakunda
Paurashova,Harinakunda
Jaganathpur,Kumarkhali
Shelaidaha,Kumarkhali
Kaya,Kumarkhali
Chapra,Kumarkhali
Kalatala,Kachua (B)
Hizla,Chitalmari
Chitalmari,Chitalmari
Shahabad,Narail Sadar
Maij para,Narail Sadar
Nakol,Sripur (M)
Dariapur,Sripur (M)
Amalsar,Sripur (M)
Gayeshpur,Sripur (M)
Sreekul,Sripur (M)
Panti,Kumarkhali
Maricha,Kushtia Sadar
Pearpur,Kalia
Ramkrishnapur,Kalia
Mathurapur,Kalia
Aria,Kalia
Char baria,Barisal Sadar
Mazidbari,Bauphal
Paurashava W06,Pirojpur Sadar
Barjalia,Hizla
Dhulkhola,Hizla
Kumrabaria,Jhenaidah Sadar
Janipur,Khoksa
Samaspur,Khoksa
Mokarampur,Bheramara
Mokarimpur,Bheramara
Juniadaha,Bheramara
Junidaha,Bheramara
Dharampur,Bheramara
Ambaria,Bheramara
Chhatian,Bheramara
Poradaha,Mirpur (K)
Benda,Bheramara
Babra hachla,Kalia
Lakshmanpur,Sharsha
Sarsa,Sharsha
Benapole,Sharsha
Putkhali,Sharsha
Kayba,Sharsha
Ulashi,Sharsha
Bidyanandakati,Keshabpur
Sagardari,Keshabpur
Trimohini,Keshabpur
Magalkot,Keshabpur
Sufalakati,Keshabpur
Gaurighona,Keshabpur
Haibatpur,Jessore Sadar
Churamankati,Jessore Sadar
Chanchra,Jessore Sadar
Paurashava w04,Damurhuda
Kuralgachhi,Damurhuda
Kapasdanga,Damurhuda
Juranpur,Damurhuda
Natipota,Damurhuda
Alokdia,Chuadanga Sadar
Paurashava w01,Chuadanga Sadar
Shaharbati,Gangni
Gangni,Gangni
Matmura,Gangni
Tentulbaria,Gangni
Kathuli,Gangni
Maliat,Kaliganj (J)
Raigram,Kaliganj (J)
Borabazar,Kaliganj (J)
Trilochan,Kaliganj (J)
Sadhuhati,Jhenaidah Sadar
Madhuhati,Jhenaidah Sadar
Sagenna,Jhenaidah Sadar
Halidhani,Jhenaidah Sadar
Itna,Lohagara (N)
Joypur,Lohagara (N)
Lahuria,Lohagara (N)
Noagram,Lohagara (N)
Lakhsmipasha,Lohagara (N)
Narayanpur,Chaugaachha
Kharingha,Manirampur
Singhajhuli,Manirampur
Manoharpur,Manirampur
Kultia,Manirampur
Haridashkati,Manirampur
Manirampur,Manirampur
Khedapara,Manirampur
Rohita,Manirampur
Maswimnagar,Manirampur
Jamdia,Bagher Para
Darajhat,Bagher Para
Rarikelbaria,Bagher Para
Dhalgram,Bagher Para
Jaharpur,Bagher Para
Jamjami,Alamdanga
Nagdaka,Alamdanga
Jehala,Alamdanga
Baradi,Meherpur Sadar
Khadimpur,Meherpur Sadar
Bhangabaria,Alamdanga
Titudaha,Chuadanga Sadar
Begampur,Chuadanga Sadar
Shankarchandra,Chuadanga Sadar
Mohajjampur,Meherpur Sadar
Bagoan,Mujibnagar / Meherpur
Monakhali,Mujibnagar / Meherpur
Amjhupi,Meherpur Sadar
Buripota,Meherpur Sadar
Manderbari,Moheshpur
Jadabpur,Moheshpur
Bansbaria,Moheshpur
Kazirber,Moheshpur
Swaravpurudakus,Moheshpur
Fathepur,Moheshpur
Sundarpur,Kaliganj (J)
Ghorshal,Kaliganj (J)
Fursandi,Jhenaidah Sadar
Padkmakar,Jhenaidah Sadar
Harisankarpur,Jhenaidah Sadar
Porahati,Jhenaidah Sadar
Ailchara,Kushtia Sadar
Paitkabari,Kushtia Sadar
Manohardia,Kushtia Sadar
Jhaudia,Kushtia Sadar
Ujangram,Kushtia Sadar
Abdalpur,Kushtia Sadar
Alampur,Kushtia Sadar
Jiaraakhi,Kushtia Sadar
Paurashova W03,Kaliganj (J)
Amla,Mirpur (K)
Malihad,Mirpur (K)
Paurashava W04,Barisal Sadar
Raipahsa Karapur,Barisal Sadar
Jagua,Barisal Sadar
Barthi,Gournadi
Chandshi,Gournadi
Nalchira,Gournadi
Mahilara,Gournadi
Sarikal,Gournadi
Batazore,Gournadi
Rangasree,Bakerganj
Padrisibpur,Bakerganj
Padrishibpur,Bakerganj
Niamati,Bakerganj
Saliabakpur,Banaripara
Chakhar,Banaripara
Baisari,Banaripara
Udaykati,Banaripara
Dashmina,Dashmina
Banshbaria,Dashmina
Rajihar,Agailjhara
Bagdha,Agailjhara
Badgha,Agailjhara
Ratnapur,Agailjhara
Gaila,Agailjhara
Bamrail,Wazirpur
Sholac,Wazirpur
Barakotha,Wazirpur
Kalaiya,Bauphal
Noamala,Bauphal
Kalisuri,Bauphal
Surjyamani,Bauphal
Madanpura,Bauphal
Baga,Bauphal
Lebukhali,Dumki / Patuakhali
Muradia,Dumki / Patuakhali
Itabaria,Patuakhali Sadar
Lohalia,Patuakhali Sadar
Kalmegha,Patharghata
Karthal,Patharghata
Kagchira,Patharghata
Raihanpur,Patharghata
Aylapathakata,Barguna Sadar
Keorabania,Barguna Sadar
Amrajuri,Kawkhali
Shialkati,Kawkhali
Chirapara,Kawkhali
Biddah Nandanpur,Kawkhali
Muladi,Muladi
Gachhua,Muladi
Char kalekhan,Muladi
Batamara,Muladi
Char Monai,Barisal Sadar
Char Kowa,Barisal Sadar
Deuli Subidkhali,Mirzaganj
Kakrabunia,Mirzaganj
Majid baria,Mirzaganj
Amragachhia,Mirzaganj
Mirzaganj,Mirzaganj
Khapra bhanga,Kalapara
Latachapli,Kalapara
Tiakhali,Kalapara
Ttiakhali,Kalapara
Lalua,Kalapara
Panchakoralia,Amtali
Chakamaiya,Amtali
Arpangashia,Amtali
Cliaora,Amtali
Kukua,Amtali
Atharagachhia,Amtali
Gulishakhali,Amtali
Amtali,Amtali
Mokamia,Betagi
Hosnabad,Betagi
Baramazumdar,Betagi
Mathbaria,Mathbaria
Sapleza,Mathbaria
Tushkhali,Mathbaria
Dhanishafa,Mathbaria
Sutiakati,Nesarabad
Atgharkuriana,Nesarabad
Jalabari,Nesarabad
Sarengkati,Nesarabad
Shohagdal,Nesarabad
Samudaykati,Nesarabad
Guarekha,Nesarabad
Adarbunia,Galachipa
Banskandi,Shibchar
Panch Char,Shibchar
Matbarer Char,Shibchar
Sannyasir Char,Shibchar
Samantasar,Gosairhat
Nagerpara,Gosairhat
Nulmuri,Gosairhat
Gosairhat,Gosairhat
Amkhola,Galachipa
Dhalua,Barguna Sadar
Barguna,Barguna Sadar
M.baliatali,Barguna Sadar
Naltona,Barguna Sadar
Bukabunia,Bamna
Dawatala,Bamna
Ramna,Bamna
Nudmulla,Bhandaria
Dhaoa,Bhandaria
Shankarpasha,Pirojpur Sadar
Sariktala,Pirojpur Sadar
Sikder Mallik,Pirojpur Sadar
Kadamtala,Pirojpur Sadar
Tona,Pirojpur Sadar
Durgapur,Pirojpur Sadar
Galua,Rajapur
Mathbari,Rajapur
Suktagarh,Rajapur
Magar,Nalchity
Matibanga,Nazirpur
Shankharikati,Nazirpur
Sriramkati,Nazirpur
Srirampur,Nazirpur
Sekhmatia,Nazirpur
Nabagram,Jhalakati Sadar
Binoykati,Jhalakati Sadar
Basanda,Jhalakati Sadar
Kirtipasha,Jhalakati Sadar
Sauljalia,Kathalia
Chenchirampur,Kathalia
Khoajpur,Madaripur Sadar
Chhilarchar,Madaripur Sadar
Panchkhola,Madaripur Sadar
Bajitpur,Madaripur Sadar
Amgram,Rajoir
Khalia,Rajoir
Hossainpur,Rajoir
Kadambari,Rajoir
Purba Damudya,Damudya
Kusaughai,Damudya
Siddhakati,Nalchity
Subidpur,Nalchity
Dapdapia,Nalchity
Mustafapur,Madaripur Sadar
Kendua,Madaripur Sadar
Dudkhali,Madaripur Sadar
Shikar Mangal,Kalkini
Kalkini,Kalkini
Kazibazar,Kalkini
Baligram,Kalkini
Digar Mahiskhali,Bhedarganj
Char Kumuria,Bhedarganj
Mahisar,Bhedarganj
Chaygaon,Bhedarganj
Kedarpur,Naria
Dingamanik,Naria
Gharisar,Naria
Bhumkhara,Naria
Fatejangpur,Naria
Bijhari,Naria
Barni,Tungipara
Kushli,Tungipara
Bethuri,Gopalganj Sadar
Orakandi,Muksudpur
Ratail,Kashiani
Kashiani,Kashiani
Sajail,Kashiani
Mahespur,Kashiani
Rudrakar,Palong
Chitalia,Palong
Angaria,Palong
Tulashar,Palong
Tulshar,Palong
Palong,Palong
Domshar,Palong
Kalabari,Kotalipara
Radhaganj,Kotalipara
Kandi,Kotalipara
Hiran,Kotalipara
Ujani,Muksudpur
Mochna,Muksudpur
Togarbanga,Alfadanga
Alfadanga,Alfadanga
Bana,Alfadanga
Panchuria,Alfadanga
Rupapat,Boalmari
Manikdaha,Bhanga
Kaolibera,Bhanga
Chandra,Bhanga
Kalamirda,Bhanga
Gharua,Bhanga
Algi,Bhanga
Basanthapur,Rajbari Sadar
Shahid Wahabpur,Rajbari Sadar
Sidya,Zanjira
Sidulkura,Zanjira
Dhankati,Zanjira
Kaneshwar,Damudya
Naodoba,Zanjira
Bara Krisnanagar,Zanjira
Sener Char,Zanjira
Mulna,Zanjira
Kunderchar,Zanjira
Bilaspur,Zanjira
Gobra,Gopalganj Sadar
Suktail,Gopalganj Sadar
Paikkandi,Gopalganj Sadar
Ulpur,Gopalganj Sadar
Satpar,Gopalganj Sadar
Baultali,Gopalganj Sadar
Haridaspur,Gopalganj Sadar
Kathi,Gopalganj Sadar
Gohala,Muksudpur
Ragdi,Muksudpur
Batikamari,Muksudpur
Boalmari,Boalmari
Parameshwardi,Boalmari
Shekhore,Boalmari
Gunbaha,Boalmari
Moyna,Boalmari
Goshpur,Boalmari
Satair,Boalmari
Dodpur,Boalmari
Dheukhali,Sadarpur
Akterchar,Sadarpur
Bashanchar,Sadarpur
Narua,Baliakandi
Jungal,Baliakandi
Nawabpur,Baliakandi
Baharpur,Baliakandi
Machpara,Pangsha
Kalimohor,Pangsha
Patta,Pangsha
Bahadurpur,Pangsha
Habaspur,Pangsha
Mrigi,Pangsha
Dumain,Madhukhali
Megchami,Madhukhali
Gajna,Madhukhali
Madhukhali,Madhukhali
Purapara,Madhukhali
Char Jasordi,Nagarkanda
Kaichail,Nagarkanda
Laskardia,Nagarkanda
Dangi,Nagarkanda
Ramnagar,Nagarkanda
Char Harirampur,Char Bhadrasan
Char Bhadrasan,Char Bhadrasan
Maurat,Pangsha
Majhbari,Pangsha
Ratandia,Pangsha
Dauladia,Goalandaghat
Debogram,Goalandaghat
Chatto Bakhla,Goalandaghat
Dashi,Goalandaghat
Barat,Rajbari Sadar
Bania Baha,Rajbari Sadar
Hizla Gourabdi,Hizla
Memania,Hizla
Harinathpur,Hizla
Guabaria,Hizla
Mehendiganj,Mehendiganj
Chargopalpur,Mehendiganj
Char gopalpur,Mehendiganj
Chundpur,Mehendiganj
Chandpasha,Babuganj
Kendarpur,Babuganj
Madhabpasha,Babuganj
Dehergati,Babuganj
Guthia,Babuganj
Durlabhpur,Shibganj (N)
Manakasa,Shibganj (N)
Naya Naobhanga,Shibganj (N)
Ghorapakhia,Nawabganj Sadar
Mobarakpur,Shibganj (N)
Daipukuria,Shibganj (N)
Gohalbaria,Shibganj (N)
Daldali,Bholahat
Gohal bari,Bholahat
Bholahat,Bholahat
Nachole,Nachole
Fatehpur,Nachole
Chaudala,Gomastapur
Chowdala,Gomastapur
Rohanpur,Gomastapur
Pabatipur,Gomastapur
Bardebpur,Gomastapur
Godagari,Godagari
Pakri,Godagari
Rishikul,Godagari
Deopara,Godagari
Gogram,Godagari
Talanda,Tanore
Kalma,Tanore
Kamargaon,Tanore
Pachandar,Tanore
Badhair,Tanore
Baneswar,Puthia
Puthia,Puthia
Jeopara,Puthia
Bhalukgachhi,Puthia
Silmaria,Puthia
Bak shimail,Mohanpur
Dhurail,Mohanpur
Royghati,Mohanpur
Ghasigram,Mohanpur
Jahanabad,Mohanpur
Basupara,Bagmara
Jogi para,Bagmara
Goalkandi,Bagmara
Bhaya lakshmipur,Charghat
Nimpara,Charghat
Salia,Charghat
Yusufpur,Charghat
Salua,Charghat
Baju bagha,Bagha
Bausa,Bagha
Arani,Bagha
Haripur,Paba
Damkur,Paba
Darshanpara,Paba
Hujuripara,Paba
Naohata,Paba
Bargachhi,Paba
Parila,Paba
Dharmapur ?,Durgapur (R)
Jhaluka,Durgapur (R)
Joynagar,Durgapur (R)
Deluabari,Durgapur (R)
Pamanagar?,Durgapur (R)
Kismat gankair,Durgapur (R)
Dayarampur,Bagatipara
Faguardiar,Bagatipara
Jamnagar,Bagatipara
Paka,Bagatipara
Shurdi,Lalpur
Durduria,Lalpur
Bilmaria,Lalpur
Walia,Lalpur
Kadamchilan,Lalpur
Joari,Baraigram
Majgaon,Baraigram
Chandi Nagar,Baraigram
Masinda,Gurudaspur
Dharabarisha,Gurudaspur
Biaghat,Gurudaspur
Chapila,Gurudaspur
Halsha,Natore Sadar
Bara harishpur,Natore Sadar
Digapatiya,Natore Sadar
Piprul,Natore Sadar
Kafuria,Natore Sadar
Tebaria,Natore Sadar
Chhatni,Natore Sadar
Bipra belgharia,Natore Sadar
Brahmapur,Natore Sadar
Chhaikola,Chatmohar
Nimaichara,Chatmohar
Mulgram,Chatmohar
Failjana,Chatmohar
Chandba,Chatmohar
Majhpara,Chatmohar
Ekdanta,Atgharia
Lakshmipur,Atgharia
Masundia,Bera
Ruppur,Bera
Puran Bharenga,Bera
Jotshakhni,Bera
Nutan Bharenga,Bera
Haturia nakalia,Bera
Tantibanda,Sujanagar
Satbaria,Sujanagar
Manikhat,Sujanagar
Hatkhali,Sujanagar
Nazirganj,Sujanagar
Sagarkandi,Sujanagar
Ahmedpur,Sujanagar
Dulai,Sujanagar
Brilahiribaria,Santhia
Faridpur,Faridpur
Demra,Faridpur
Hadal,Faridpur
Dilpashar,Bhangura
Ashtamanisha,Bhangura
Par bhaugura,Bhangura
Par bhangura,Bhangura
Char tarapur,Pabna Sadar
Sadullahpur,Pabna Sadar
Bharara,Pabna Sadar
Dogachhi,Pabna Sadar
Dapunia,Pabna Sadar
Hemayetpur,Pabna Sadar
Malugachha,Pabna Sadar
Gayespur,Pabna Sadar
Ataikula,Pabna Sadar
Pakshy,Ishwardi
Lakshmikundi,Ishwardi
Sahapur,Ishwardi
Salimpur,Ishwardi
Muladuli,Ishwardi
Dashuria,Ishwardi
Dhopadaha,Santhia
Nagdemra,Santhia
Dhulauri,Santhia
Bhulbaria,Santhia
Nandanpur,Santhia
Khetupara,Santhia
Kashinathpur,Santhia
Karanja,Santhia
Paschim B.para,Brahmanpara
Purba Chandla,Brahmanpara
Shashidal,Brahmanpara
Sahebabad,Brahmanpara
Goalmari,Daudkandi
Maruka,Daudkandi
Uttar Balarampur,Daudkandi
Majidpur,Titas / Daudkandi
Pas.Sundalpur,Daudkandi
Pasc. Gauripur,Daudkandi
Uttar ellotganj,Daudkandi
Purba Chandina,Chandina
Dashin Barera,Chandina
Maijkhara,Chandina
Uttar Barakarai,Chandina
Daks. Rarakarai,Chandina
Uttar Gallai,Chandina
Mahichal,Chandina
Paschim Nabipur,Muradnagar
Pasc. Nabipur,Muradnagar
Srikail,Muradnagar
Akubpur,Muradnagar
Purba Bangara,Muradnagar
Jahapur,Muradnagar
Dhamghar,Muradnagar
Daks. Paharpur,Muradnagar
P. Dariadaulat,Muradnagar
Purba Tejkhali,Banchharampur
Paschim Dariada,Banchharampur
U. Banchharampur,Banchharampur
Paschim Ujanchar,Banchharampur
Mokara,Nangalkot
Daulkhar,Nangalkot
Jadda,Nangalkot
Adra,Nangalkot
Nangalkot,Nangalkot
Sholanal,Burichang
Bakshimal,Burichang
Bharella,Burichang
Mainamati,Burichang
Mokam,Burichang
D. Barashalghar,Debidwar
Uttar subil,Debidwar
Debidwar,Debidwar
U. Gunaighar,Debidwar
Fatehbad,Debidwar
U. Rajamehar,Debidwar
Dakshin Dhamti,Debidwar
Uttar Barkamta,Debidwar
Uttar Dhamti,Debidwar
Alkara,Chauddagram
Jaghanathdighi,Chauddagram
Cheora,Chauddagram
Batisha,Chauddagram
Munshirhat,Chauddagram
Kashinagar,Chauddagram
Sripur,Chauddagram
Ujirpur,Chauddagram
Rasullabad,Nabinagar
Ibrahimpur,Nabinagar
Paschim Nabinaga,Nabinagar
Paschim Sadakpur,Nabinagar
Bidyakot,Nabinagar
Paschim Junedpur,Nabinagar
Paschim Ghagutia,Homna
Nilakhi,Homna
Bhasania,Homna
Dakshin Homna,Homna
P. Handerchar,Homna
P. Hatherpctua,Nangalkot
Purba Baisgaon,Nangalkot
Purba Gobindapur,Nangalkot
Belghar,Barura
Perul,Barura
Bagmara,Barura
Mudafarganj,Laksam
Kalirbazar,Comilla Sadar
Bapapara,Comilla Sadar
Pas.jorekaran,Comilla Sadar
Galiara,Comilla Sadar
Chawara,Comilla Sadar
Panchthubi,Comilla Sadar
Amratali,Comilla Sadar
Paurashava W05,Kachua (C)
Pas. Sahadevpur,Kachua (C)
Purba Sahadevpur,Kachua (C)
Paschim Pathair,Kachua (C)
Purba Pathair,Kachua (C)
Uttar Kachua,Kachua (C)
Uttar Gohat,Kachua (C)
Asrafpur,Kachua (C)
Paschim Fatehpur,Matlab
Farajikandi,Matlab
Dakshin Rupsa,Faridganj
Uttar Rupsa,Faridganj
Dakshin Faridgan,Faridganj
Uttar Gobindapur,Faridganj
Pashim Baluthupa,Faridganj
Paschim Subidpur,Faridganj
Purba Gupti,Faridganj
Dakshin Paikpara,Faridganj
Uttar Matlab,Matlab
Khadergoan,Matlab
Dakshin Matlab,Matlab
Bhadur,Shahrasti
Bhatra,Ramganj
Kanchanpur,Ramganj
Sakhua,Debidwar
Tarpurchandi,Chandpur Sadar
Purba Ashikati,Chandpur Sadar
Uttar Rampur,Chandpur Sadar
Uttar Bhakanipur,Chandpur Sadar
Dakshin Khosbas,Barura
Uttar Deora,Barura
Dakshin Jalan,Barura
Adda,Barura
Uttar Payalgachh,Barura
Dakshin Shilmuri,Barura
Dakshin Hajiganj,Hajiganj
Dakshin Rajargao,Hajiganj
Uttarkalocho,Hajiganj
Purba Barkul,Hajiganj
Paschim Barkul,Hajiganj
Uttar Hajiganj,Hajiganj
Char Bhairabi,Haimchar
"U,Algi Durgapur",Haimchar
Barakheri,Ramgati
Char Algi,Ramgati
Char Bedana,Ramgati
Char Kadira,Ramgati
Char Falcon,Ramgati
Hazirhat,Ramgati
Char Lawrence,Ramgati
Char Bangshi,Raipur (L)
Char Mohana,Raipur (L)
Ghali Gaurnagar,Lalmohan
Lalmohan,Lalmohan
Lord Hardinge,Lalmohan
Ramaganj,Lalmohan
Pasc. Char Umed,Lalmohan
Deula,Borhanuddin / Lalmohan
Tabgi,Burhanuddin
Kachia,Bhola Sadar
Hasannagar,Burhanuddin
Gangapur,Burhanuddin
Bara manika,Char Fasson
Char Shibpur,Bhola Sadar
Dasksh.Dighaldi,Bhola Sadar
Uttar Dighaldi,Bhola Sadar
Char Chhifali,Bhola Sadar
Dhania,Bhola Sadar
Ulisha,Bhola Sadar
Illisha,Bhola Sadar
Noannai,Noakhali Sadar
Kaladaraf,Noakhali Sadar
Noakhali,Noakhali Sadar
Char jabbar,Subarnachar / Noakhali
Char bata,Subarnachar / Noakhali
Ashwadia,Noakhali Sadar
Narohampur,Noakhali Sadar
Chaprashirhat,Kabirhat / Noakhali
Daksh. Suchipura,Shahrasti
Purba Chitasi,Shahrasti
Dakshin Meher,Shahrasti
Raysri,Shahrasti
Uttar Meher,Shahrasti
Tamta,Shahrasti
Char fakira,Companiganj (N)
Rampur,Companiganj (N)
Musapur,Companiganj (N)
Char hazari,Companiganj (N)
Char parbati,Companiganj (N)
Mohamaya,Chhagalnaiya
Radhanagar,Chhagalnaiya
Ichhapur,Ramganj
Karpara,Ramganj
Keroa,Ramganj
Hazariganj,Char Fasson
Char Manik,Char Fasson
Char Kalmi,Char Fasson
Aminabad,Char Fasson
Nurabad,Char Fasson
Aslampur,Char Fasson
Shamvapur,Borhanuddin / Lalmohan
Bara Malanchara,Tazumuddin
Uttar Joynagar,Daulatkhan
Dakshin Joynagar,Daulatkhan
Char Khalifa,Daulatkhan
Saidpur,Daulatkhan
Bhabanipur,Daulatkhan
Charpata,Daulatkhan
Medua,Daulatkhan
Chhayani,Begumganj
Amanullahpur,Begumganj
Amishapara,Sonaimuri / Begumganj
Jayag,Sonaimuri / Begumganj
Soniamuri,Begumganj
Baragaon,Sonaimuri / Begumganj
Mir warishpur,Begumganj
Kadirpur,Begumganj
Parkote,Chatkhil
Ramnarayanpur,Chatkhil
Khilpara,Chatkhil
Badalkot,Chatkhil
Kabilpur,Senbagh
Bijoybagh,Senbagh
Nabipur,Senbagh
Kesharpar,Senbagh
Chhataspaia,Senbagh
Sarishadi,Feni Sadar
Panchagachhiba,Feni Sadar
Dhalia,Feni Sadar
Lemva,Feni Sadar
Farhadnagar,Feni Sadar
Fazilpur,Feni Sadar
Kalidaha,Feni Sadar
Mirzanagar,Parshuram
Parshuram,Parshuram
Yakubpur,Daganbhuiyan
Daganbhuiyan,Daganbhuiyan
Mathu bhuiyan,Daganbhuiyan
Jailashkara,Daganbhuiyan
Sindurpur,Daganbhuiyan
Jaldi,Banshkhali
Bailchhari,Banshkhali
Katharia,Banshkhali
Kalipur,Banshkhali
Sadhanpur,Banshkhali
Pukuria,Banshkhali
SMA W09,Double Mooring
Subapur,Fulgazi
Gopal,Fulgazi
Pathannagar,Chhagalnaiya
Darbarpur,Chhagalnaiya
Amjadhat,Fulgazi
Bakshmohammad,Fulgazi
Fulgazi,Fulgazi
Bagadana,Sonagazi
Char darbesh,Sonagazi
Char chandia,Sonagazi
Amirabad,Sonagazi
Matiganj,Sonagazi
Mangalkandi,Sonagazi
Banasat,Anowara
Barakhain,Anowara
Haildhar,Anowara
Paraikora,Anowara
SMA W14,Pahartali
SMA W28,Chittagong Port
SMA W34,Chittagong Port
Dulahazana,Chakaria
Fasiakhali,Chakaria
Chiringa,Chakaria
Baraitala,Chakaria
Pekua,Chakaria
Barabakia,Chakaria
Raja palong,Ukhia
Ratna palong,Ukhia
Palongkhali,Ukhia
Jalia palong,Ukhia
Haladia palong,Ukhia
Hoanac,Maheshkhali
Hoanak,Maheshkhali
Bara maheshkhali,Maheshkhali
Joarianala,Ramu
Dak.mithachari,Ramu
Khumiapalong,Ukhia
Rajarkul,Ramu
Kavarkho,Ramu
Kachhapia,Ramu
Joariahala,Ramu
Sabrang,Teknaf
Nhila,Teknaf
Whykong,Teknaf
P.machhukhali,Cox's Bazar Sadar
Bharuakhali,Cox's Bazar Sadar
Idgaon,Cox's Bazar Sadar
Bariyadala,Sitakund
Muradpur,Sitakund
Barabkunda,Sitakund
Bhatiari,Sitakund
Wahedpur,Mirsharai
Maghadia,Mirsharai
Karerhat,Mirsharai
Dhum,Mirsharai
Pakundia,Pakundia
Egarasindur,Pakundia
Barudia,Pakundia
Patnabhanga,Pakundia
Charfaradi,Pakundia
Jangalia,Pakundia
Chardipasha,Pakundia
Narandi,Pakundia
Baulai,Kishoreganj Sadar
Korshakariail,Kishoreganj Sadar
Jasodal,Kishoreganj Sadar
Kalikaprashad,Bhairab
Simulkandi,Bhairab
Sadakpur,Bhairab
Araibaria,Bhairab
Sidhla,Hossainpur
Jinari,Hossainpur
Gobindapur,Hossainpur
Pumdi,Hossainpur
Sahedal,Hossainpur
Mahinanda,Kishoreganj Sadar
Binnati,Kishoreganj Sadar
Rashidabad,Kishoreganj Sadar
Dilalpur,Bajitpur
Baliardi,Bajitpur
Hilachia,Bajitpur
Sararchar,Bajitpur
Halimpur,Bajitpur
Pirijpur,Bajitpur
Jawar,Tarail
Dhala,Tarail
Tarail,Tarail
Taljanga,Tarail
Rauti,Tarail
Baragharia,Karimganj
Gundhar,Karimganj
Joyka,Karimganj
Jafarabad,Karimganj
Phulpur,Phulpur
Sandhara,Phulpur
Rahimganj,Phulpur
Galagaon,Phulpur
Baola,Phulpur
Tarakande,Phulpur
Biska,Phulpur
Swadeshi,Phulpur
Dhara,Phulpur
Haluaghat,Haluaghat
Bhubankura,Haluaghat
Gazirbhita,Haluaghat
Baghber,Haluaghat
Dhobaura,Dhobaura
Dakshin Maijpara,Dhobaura
Ganariala,Dhobaura
Ghosgaon,Dhobaura
Goshgaon,Dhobaura
Ward-2,Muktagachha
Ward-1,Muktagachha
Rangamatia,Fulbaria
Bakta,Fulbaria
Radhakani,Fulbaria
Fulbaria,Fulbaria
Balian,Fulbaria
Deokhola,Fulbaria
Putijana,Fulbaria
Achimpatuli,Fulbaria
Ward-5 parashava,Ishwarganj
Tarundia,Ishwarganj
Uchakhila,Ishwarganj
Rajipur,Ishwarganj
Atharabari,Ishwarganj
Magtola,Ishwarganj
Maijbag,Ishwarganj
Sohagi,Ishwarganj
Kheruajani,Muktagachha
Mankon,Muktagachha
Dulla,Muktagachha
Kashimpur,Muktagachha
Deogaon,Ghatail
Ghoga,Ghatail
Ausnara,Ghatail
Arankhola,Ghatail
Birtara,Ghatail
Dhanbari,Ghatail
Ghatail,Ghatail
Deulabari,Ghatail
Digar,Ghatail
Rasulpur,Ghatail
Dhalapara,Ghatail
Sandhanpur,Ghatail
Phulda,Bhuapur
Arjuna,Bhuapur
Nikrail,Bhuapur
Gobindasi,Bhuapur
Gabsara,Bhuapur
Lakherpara,Bhuapur
Birhati,Tangail Sadar
Anaitara,Mirzapur
Uarsi,Mirzapur
Ajgana,Mirzapur
Gorai,Mirzapur
Bahuria,Mirzapur
Jamurki,Mirzapur
Mahera,Mirzapur
Kaoaljani,Mirzapur
Fulki,Mirzapur
Kashil,Basail
Habla,Basail
Nagarpur,Nagarpur
Salimabad,Nagarpur
Dhubaria,Nagarpur
Maona,Sripur
Telihati,Sripur
Barmi,Sripur
Gosinga,Sripur
Prahladpur,Sripur
Rajabari,Sripur
Chapair,Kaliakair
Atabaha,Kaliakair
Sripaltali,Kaliakair
Nouchat,Kaliakair
Madhyapara,Kaliakair
Boali,Kaliakair
Hagori,Kaliakair
Kaliganj,Kaliganj (G)
Tumulia,Kaliganj (G)
Gosaibari,Dhunat
Chikashi,Dhunat
Nimgachhi,Dhunat
Kalerpara,Dhunat
Dhunut,Dhunat
Chaukibari,Dhunat
Shimabari,Dhunat
Bishalpur,Sherpur Sadar
Pourashava ward 02,Dhunat
Garidaha,Sherpur Sadar
Kusumbi,Sherpur Sadar
Talora,Dubchachia
Gunahar,Dubchachia
Zianagar,Dubchachia
Chamrul,Dubchachia
Dhubchanchia,Dubchachia
Balua,Sonatala
Sonatala,Sonatala
Tekani Chukainagar,Sonatala
Pakulla,Sonatala
Jorgachha,Sonatala
Digdair,Sonatala
Bhatgram,Nandigram
Nandigram,Nandigram
Burail,Nandigram
Thaltamajgram,Nandigram
Qohail,Nandigram
Kharna,Shahjadpur
Aselpur,Shahjadpur
Amrool,Shahjadpur
Chopinagor,Shahjadpur
Khottapara,Shahjadpur
Majhira,Shahjadpur
Chakia Pashar,Rajarhat
Dhar Majid,Rajarhat
Chakir Pashar,Rajarhat
Nazim Khan,Rajarhat
Bidyananda,Rajarhat
Rajarhat,Rajarhat
Garial Danga,Rajarhat
Chhinai,Rajarhat
Rajibpur,Char Rajibpur
Kodailkati,Char Rajibpur
Kodalkati,Char Rajibpur
Char Rajibpur,Char Rajibpur
Mohangonj,Char Rajibpur
Jadurchar,Raumari
Raumari,Raumari
Bandabar,Raumari
Dantbhaga,Raumari
Saulmari,Raumari
Thanahat,Chilmari
Nayerhat,Chilmari
Chilmari,Chilmari
Ashtamir Char,Chilmari
Mogal Bachha,Kurigram Sadar
Holokhana,Kurigram Sadar
Kanthalbari,Kurigram Sadar
Belgachha,Kurigram Sadar
Pourashava ward 03,Kurigram Sadar
Bhadai,Aditmari
Palashi,Aditmari
Mohishkhocha,Aditmari
Sarpukur,Aditmari
Saptibari,Aditmari
Bhelabari,Aditmari
Kamalabari,Aditmari
Bara Khata,Patgram
Goddimari,Hatibandha
Sindurna,Hatibandha
Tangbhanga,Hatibandha
Bhalaguri,Hatibandha
Gotamari,Hatibandha
Daoabari,Hatibandha
Shingimari,Hatibandha
Patgram,Patgram
Kuchlibar,Patgram
Panga Matukpur,Domar
Gomnati,Domar
Bhogdaburi,Domar
Ketkibari,Domar
Boragari,Domar
Domar,Domar
Sonaray,Domar
Harinchhara,Domar
Paschim Chhatnai,Dimla
Balapara,Dimla
Khoga Kharibari,Dimla
Dimla,Dimla
Naotara,Dimla
Gayabari,Dimla
Tepa Kharibari,Dimla
Khalisa,Dimla
Jhunagachh,Dimla
Bangalipura,Saidpur
Kamar Pukur,Saidpur
Khata Madhupur,Saidpur
Kushiram Belpukur,Saidpur
Bothlagari,Saidpur
Pourashava ward 01,Saidpur
Pourashava ward 04,Saidpur
Benghari Banagram,Panchagarh Sadar
Maidandighi,Boda
Jhalishalsri,Boda
Chandanbari,Boda
Panchpir,Boda
Sakoa,Boda
Marea,Boda
Kajaldighi Kaliganj,Boda
Dhakkamara,Panchagarh Sadar
Garinabari,Panchagarh Sadar
Chaklarhat,Panchagarh Sadar
Kamatkajaldighi,Panchagarh Sadar
Hafizabad,Panchagarh Sadar
Haribasha,Panchagarh Sadar
Panchagarh,Panchagarh Sadar
Bhojanpur Debnagar,Tetulia
Bhojanpur,Tetulia
Balbahan,Haripur
Dhantala,Haripur
Amjankhore,Haripur
Paria,Haripur
Charol,Haripur
Bara Palashbari,Haripur
Dudsud,Panchbibi
Bhanor,Haripur
Bhaturia,Panchbibi
Dangipara,Haripur
Bakua,Haripur
Gedura,Haripur
Amgaon,Haripur
Debipur,Panchbibi
Auliapur,Panchbibi
Gareya,Thakurgaon Sadar
Balighata,Panchbibi
Bagjana,Panchbibi
Dharanji,Panchbibi
Ayma Rasulpur,Panchbibi
Kusumba,Panchbibi
Aolai,Khetlal
Atapur,Khetlal
Khetlal,Khetlal
Barail,Khetlal
Mamudpur,Khetlal
Baratara,Khetlal
Dhalahar,Khetlal
Bhadsa,Jaipurhat Sadar
Pukhra,Baniachong
Khagaura,Baniachong
Sujatpur,Baniachong
S E Baniachong,Baniachong
N E Baniachong,Baniachong
Jamalganj,Jamalganj
Satchni Bazar,Jamalganj
Bhimkhali,Jamalganj
Sachna Bazar,Jamalganj
Fenarbak,Jamalganj
Salukabad,Bishwambarpur
Palash,Bishwambarpur
Dhonpur,Bishwambarpur
Daskin Badhaghat,Bishwambarpur
Balijuri,Tahirpur
Taherpur Sadar,Tahirpur
Badaghat,Tahirpur
S Bardal,Tahirpur
S Sreepur,Tahirpur
Taherpur,Tahirpur
Kailathi,Netrokona Sadar
Daskin Bisiura,Netrokona Sadar
Ronha,Netrokona Sadar
Mongali,Netrokona Sadar
Thakurakona,Netrokona Sadar
Amtala,Netrokona Sadar
Purbodhola,Purbadhala
Agin,Purbadhala
Hogla,Purbadhala
Jhania,Purbadhala
Dhalamulgaon,Purbadhala
Guhalakanda,Purbadhala
Narandia,Purbadhala
Kalmakanda,Kalmakanda
Rangchah,Kalmakanda
Kharnar,Kalmakanda
Pogla,Kalmakanda
Kailati,Kalmakanda
Baskapar,Kalmakanda
Kakorghora,Durgapur (N)
Birishiri,Durgapur (N)
Chandigaoh,Durgapur (N)
Kullogaon,Durgapur (N)
Battah Banihasi,Mohanganj
Tetulia,Mohanganj
Magan Shiadar,Mohanganj
Borkashia Birampur,Mohanganj
Paglajar,Dharmapasha
Suair,Dharmapasha
Samaj Shahido,Dharmapasha
Dharmapasha,Dharmapasha
Shellbrosh,Dharmapasha
Paikarah,Dharmapasha
Maddhya Nagar,Dharmapasha
Joyashree,Dharmapasha
Sukhair North,Dharmapasha
Pouva Area,Sherpur Sadar
Pourashava-03,Sherpur Sadar
Char Shapur,Sherpur Sadar
Pourashava-08,Sherpur Sadar
Bhatshala,Sherpur Sadar
Kamarla,Sherpur Sadar
Pakuora,Sherpur Sadar
Balair Char,Sherpur Sadar
Lasmanpur,Sherpur Sadar
Char Mocharia,Sherpur Sadar
Char Pakkiman,Sherpur Sadar
Kalaspar,Nalitabari
Jogania,Nalitabari
Marichpuran,Nalitabari
Nayabil,Nalitabari
Nanni,Nalitabari
Poragaon,Nalitabari
Kakilakura,Sribardi
Singa Barura,Sribardi
Tathati,Sribardi
Ranisimal,Sribardi
Bhatara,Melandah
Nahadan,Melandah
Pogal Digha,Sarishabari
Doail,Sarishabari
Aona,Sarishabari
Pingna,Sarishabari
Nangla,Melandah
Pulkocha,Islampur
Jhaugara,Islampur
Charbanipakuri,Islampur
Palbandha,Islampur
Patharbi,Islampur
Kulkandi,Islampur
Goalerchar,Islampur
Bahadurabad,Dewanganj
Dewanganj,Dewanganj
Meshta,Jamalpur Sadar
Digpaith,Jamalpur Sadar
Titpalla,Jamalpur Sadar
Ghoradhap,Jamalpur Sadar
Banshgari,Raipur (N)
Nilakshya,Raipur (N)
Amirganj,Raipur (N)
UttarBakharnagar,Raipur (N)
Daulatput,Belabo
Akduaria,Mirzapur
Shukundia,Monohardi
Lebutala,Monohardi
Khidirpur,Monohardi
Barachapa,Monohardi
Kanchikata,Monohardi
Gotasia,Monohardi
Chanderkandi,Raipur (N)
Raipura,Raipur (N)
Maheshpur,Raipur (N)
Adiabad,Raipur (N)
Jinardi,Palash
Char Sindur,Palash
Ghorashal,Palash
Danga,Palash
Dhukuriabera,Belkuchi
Belkuchi,Belkuchi
Bhangabari,Belkuchi
Naogaon,Belkuchi
Baruhasa,Tarash
Talom,Tarash
Deshigram,Tarash
Tarash,Tarash
Saguna,Tarash
Magurabinod,Tarash
Madhaninagar,Tarash
Ullahpara,Ullahpara
Panchakroshi,Ullahpara
Hatikumrul,Ullahpara
Durganagar,Ullahpara
Barapangashi,Ullahpara
Purnimagati,Ullahpara
Bangala,Ullahpara
Ramkrisnapur,Ullahpara
Sthal,Chauhali
Gorjane,Chauhali
Mirkutia,Chauhali
Sadiachandpur,Chauhali
Sialkole,Sirajganj Sadar
Bahuli,Sirajganj Sadar
Khokshabari,Sirajganj Sadar
Chhangacha,Sirajganj Sadar
Bagbati,Sirajganj Sadar
Naldanga,Sadullapur
Kumarpara,Sadullapur
Dhaperhat,Sadullapur
Gumaniganj,Gobindaganj
Katabari,Gobindaganj
Kandia,Gobindaganj
Rajahar,Gobindaganj
Bapmara,Gobindaganj
Kocharhahan,Gobindaganj
Mahinaganj,Gobindaganj
Kamardaha,Gobindaganj
Gobindagonj,Gobindaganj
Harirampur,Gobindaganj
Taluk Kanupur,Gobindaganj
Bonarpara,Saghatta
Ghuridaha,Saghatta
Kamalerpara,Saghatta
Jummerbari,Saghatta
Sughatta,Saghatta
Dharatkhali,Saghatta
Rajendrapur,Mithapukur
Uttam,Rangpur Sadar
Haridebpur,Rangpur Sadar
Chndanpat,Rangpur Sadar
Sadya Pushkarni,Rangpur Sadar
Darshana,Rangpur Sadar
Tamphat,Rangpur Sadar
Tapodhan,Rangpur Sadar
Pourashava Ward 01,Mithapukur
Emadpur,Mithapukur
Bara Hazratpur,Mithapukur
Balua Masimpur,Mithapukur
Nilanpur,Mithapukur
Chengmari,Mithapukur
Mayenpur,Mithapukur
Khoragachh,Mithapukur
Latifpur,Mithapukur
Kaprikhal,Mithapukur
Balarhat,Mithapukur
Bhangni,Mithapukur
Pairaband,Mithapukur
Ramnathpur,Badarganj
Badarganj,Badarganj
Lohanipara,Badarganj
Pourashava ward 05,Badarganj
Ekarchali,Taraganj
Hariarkuti,Taraganj
Kursha,Taraganj
Sayar,Taraganj
Taragaon,Taraganj
Dabar,Kaharole
Ramchandrapur,Kaharole
Mukundapur,Kaharole
Sundarban,Dinajpur Sadar
Shekpura,Dinajpur Sadar
Uthrail,Dinajpur Sadar
Askarpur,Dinajpur Sadar
Chehelgazi,Dinajpur Sadar
Alokjhari,Khansama
Bherbheri,Khansama
Khamarpara,Khansama
Angarpara,Khansama
Goaldihi,Khansama
Bhubki,Khansama
Abdulpur,Chirirbandar
Saintara,Chirirbandar
Nasratpur,Chirirbandar
Isabpur,Chirirbandar
Amarpur,Chirirbandar
Auliapukur,Chirirbandar
Bhiail,Chirirbandar
Punatti,Chirirbandar
Deor,Bhirampur / Birampur
Paliprayagpur,Birampur
Katla,Birampur
Birampur,Birampur
Binodnagar,Birampur
Daudpur,Nawabganj (Di)
Bhaduria,Nawabganj (Di)
Mahmudpur,Nawabganj (Di)
Putimara,Nawabganj (Di)
Kushdaha,Nawabganj (Di)
Khatta Madhabpara,Nawabganj (Di)
Hili Hakimpur,Hakimpur
Baktiarpur,Naogaon Sadar
Kirtipur,Naogaon Sadar
Barshail,Naogaon Sadar
Dubalhati,Naogaon Sadar
Hapania,Naogaon Sadar
Tilakpur,Naogaon Sadar
Balubhara,Badalgachhi
Badalgachhi,Badalgachhi
Adhaipur,Badalgachhi
Bilasbari,Badalgachhi
Mithapur,Badalgachhi
Mahadevpur,Mahadebpur
Khajur,Mahadebpur
Hatur,Mahadebpur
Chandash,Mahadebpur
Enayetpur,Mahadebpur
Uttargram,Mahadebpur
Safapur,Mahadebpur
Bhimpur,Mahadebpur
Ahshanganj,Atrai
Bonpara,Atrai
Maniary,Atrai
Kalikapur,Atrai
Hatkalupara,Atrai
Bisha,Atrai
Panchupur,Atrai
Sahagola,Atrai
Niamatpur,Niamatpur
Srimantapur,Niamatpur
Parail,Niamatpur
Bhabicha,Niamatpur
Chandannagar,Niamatpur
Shiranti,Sapahar
Sapahar,Sapahar
Goala,Sapahar
Baribari,Sapahar
Dhanpur,Sapahar
Badla,Itna
Raituti,Itna
Elongjuri,Itna
Gopedishi,Itna
Dhaki,Mithamain
Mithamoin,Mithamain
Keorjore,Mithamain
Ghagura,Mithamain
Kuliarchar,Kuliarchar
Ramdi,Kuliarchar
Gobaria Abdullahpur,Kuliarchar
Shalua,Kuliarchar
Chhaysuti,Kuliarchar
Mumurdia,Katiadi
Katiadi,Katiadi
Sahasram Dhuldia,Katiadi
Achmita,Katiadi
Nikhli,Nikli
Jaraitala,Nikli
Karpasha,Nikli
Singpur,Nikli
Kastail,Austagram
Deoghar,Austagram
Bangal Para,Austagram
Ashtagram,Austagram
Karimganj,Karimganj
Gujadia,Karimganj
Tengaba,Bhaluka
Datterbazar,Bhaluka
Masakhali,Bhaluka
Langair,Bhaluka
Longair,Bhaluka
Gaffargaon,Gafargaon
Salti,Gafargaon
Jessora,Gafargaon
Meduary,Bhaluka
Uthura,Bhaluka
Mallikbari,Bhaluka
Kachina,Bhaluka
Habirbari,Bhaluka
Dhitpur,Bhaluka
Birunia,Bhaluka
Bhaluka,Bhaluka
Bailar,Trishal
Kanthal,Trishal
Trishal,Trishal
Balipara,Trishal
Kanihari,Trishal
Mokshapur,Trishal
Amirabari,Trishal
Shidla,Gouripur
Mailakanda,Gouripur
Dhakakohla,Gouripur
Ramgopalpur,Gouripur
Bokainagar,Gouripur
Achintapur,Gouripur
Maoha,Gouripur
Paurashava ward 3,Gouripur
Nandail,Nandail
Chandipasha,Nandail
Rajgati,Nandail
Gangail,Nandail
Musuli,Nandail
Singrail,Nandail
Moazzempur,Nandail
Betagair,Nandail
Akua,Mymensingh Sadar
Ghagra,Mymensingh Sadar
Bhabakhali,Mymensingh Sadar
Kewatkhali,Mymensingh Sadar
Char Nilakshia,Mymensingh Sadar
Char Ishwardia,Mymensingh Sadar
Sirta,Mymensingh Sadar
Paranganj,Mymensingh Sadar
Paurashava ward 1,Gopalpur
Dhopakandi,Gopalpur
Hemnagar,Gopalpur
Jhaoail,Gopalpur
Nagdasimla,Gopalpur
Hadira,Gopalpur
Paurashava ward 03,Gopalpur
Alamnagar,Gopalpur
Birbasinda,Kalihati
Kalihati,Kalihati
Bangra,Kalihati
Salla,Kalihati
Elenga,Kalihati
Karatia,Tangail Sadar
Gharinda,Tangail Sadar
Paurashava ward-05,Tangail Sadar
Silimpur,Tangail Sadar
Danya,Tangail Sadar
Katuli,Tangail Sadar
Hugra,Tangail Sadar
Magra,Tangail Sadar
Gala,Tangail Sadar
Paurashava-ward-01,Sakhipur
Hatibandha,Sakhipur
Baheratail,Sakhipur
Dubail,Delduar
Delduar,Delduar
Pathrail,Delduar
Atia,Delduar
Elasin,Delduar
Sahabatpur,Nagarpur
Paurashava ward-03,Nagarpur
Kapasia,Kapasia
Karihata,Kapasia
Batrisab,Kapasia
Targaon,Kapasia
Singsree,Kapasia
Gagutia,Kapasia
Baria,Gazipur Sadar
Joydevpur,Gazipur Sadar
Kayaltia,Gazipur Sadar
Basan,Gazipur Sadar
Konabari,Gazipur Sadar
Gachha,Gazipur Sadar
Tongi PSA ward -02,Gazipur Sadar
Tongi PSA ward-02,Gazipur Sadar
Noktarpur,Gabtali
Baktarpur,Gabtali
Pubail,Gazipur Sadar
Gabtali,Gabtali
Ramashwarpur,Gabtali
Sonarai,Gabtali
Nepaltali,Gabtali
Durgahata,Gabtali
Mahishaban,Gabtali
Baliadighi,Gabtali
Nasipur,Gabtali
Adamdighi,Adamdighi
Chhatiangram,Adamdighi
Champapur,Adamdighi
Kundagram,Adamdighi
Malancha,Kahaloo
Jamgaon,Kahaloo
Kahaloo,Kahaloo
Narahatta,Kahaloo
Birkedar,Kahaloo
Kalaimajpara,Kahaloo
Paikar,Kahaloo
Murail,Kahaloo
Bihar,Shibganj (B)
Pirab,Shibganj (B)
Buriganj,Shibganj (B)
Atmul,Shibganj (B)
Kichak,Shibganj (B)
Mokamtala,Shibganj (B)
Rainagar,Shibganj (B)
Karnibari,Sariakandi
Kazla,Sariakandi
Kamalpur,Sariakandi
Chaluabari,Sariakandi
Sariakandi,Sariakandi
Hatsherpur,Sariakandi
Sarikandi,Sariakandi
Narchi,Sariakandi
Noongola,Bogra Sadar
Namuja,Bogra Sadar
Lahisipara,Bogra Sadar
Shakharia,Bogra Sadar
Nishindara,Bogra Sadar
Pourashava Ward-03,Bogra Sadar
Begumganj,Nageshwari
Dhamsreni,Nageshwari
Buraburi,Nageshwari
Bazra,Ulipur
Thetrai,Ulipur
Daldalia,Ulipur
Ramkhana,Nageshwari
Raiganj,Nageshwari
Nageshwari,Nageshwari
Bhitarband,Nageshwari
Berubari,Nageshwari
Kachakata,Nageshwari
Baravita,Phulbari
Bhangamon,Phulbari
Naodanga,Phulbari
Shimulbari,Phulbari
Phulbari,Phulbari
Joymanirhat,Bhurungamari
Bhurungamari,Bhurungamari
Char Bhurungamari,Bhurungamari
Boldia,Bhurungamari
Paikerchhara,Bhurungamari
Kedar,Bhurungamari
Pathardubi,Bhurungamari
Shilkhuri,Bhurungamari
Bhogdanga,Kurigram Sadar
Ghogadaha,Kurigram Sadar
Panchgachhi,Kurigram Sadar
Mogalhat,Lalmonirhat Sadar
Khulaghat,Lalmonirhat Sadar
Panchagram,Lalmonirhat Sadar
Gokunda,Lalmonirhat Sadar
Harati,Lalmonirhat Sadar
Mahendranagar,Lalmonirhat Sadar
Rajpur,Lalmonirhat Sadar
Khuniagachi,Lalmonirhat Sadar
Pourahava ward 03,Lalmonirhat Sadar
Tushbhandar,Kaliganj (L)
Bhotemari,Kaliganj (L)
Madati,Kaliganj (L)
Kakina,Kaliganj (L)
Goral,Kaliganj (L)
Chandrapur,Kaliganj (L)
Dalagram,Kaliganj (L)
Chalabala,Kaliganj (L)
Jagatber,Patgram
Jongra,Patgram
Baura,Patgram
Kundapukur,Nilphamari Sadar
Chapra Saramjani,Nilphamari Sadar
Lakshmichap,Nilphamari Sadar
Goregram,Nilphamari Sadar
Palashbari,Nilphamari Sadar
Kachukata,Nilphamari Sadar
Balagram,Jaldhaka
Golna,Jaldhaka
Dharmapal,Jaldhaka
Mirganj,Jaldhaka
Khutamara,Jaldhaka
Kaimaridata lost,Jaldhaka
Bahagili,Kishoreganj
Kishoreganj,Kishoreganj
Garagram,Kishoreganj
Ranachandi,Kishoreganj
Barabhita,Kishoreganj
Putimari,Kishoreganj
Tepriganj,Debiganj
Sonahar Mallikadaha,Debiganj
Debiganj,Debiganj
Dandapal,Debiganj
Chengti Hazhadanga,Debiganj
Pamuli,Debiganj
Taria,Atwari
Alowakhowa,Atwari
Dhamor,Atwari
Balarampur,Atwari
Tirnaihat,Tetulia
Banglabanda,Tetulia
Pirganj,Pirganj (T)
Bairchuna,Pirganj (T)
Jabarhat,Pirganj (T)
Sengaon,Pirganj (T)
Bhomradaha,Pirganj (T)
Khangaon,Pirganj (T)
Hossaingaon,Pirganj (T)
Lehemba,Pirganj (T)
Bachor,Pirganj (T)
Rator/Nekmarad,Ranisankail
Dharmagarh,Ranisankail
Akcha,Thakurgaon Sadar
Rajagaon,Thakurgaon Sadar
Ruhea,Thakurgaon Sadar
Chilarang,Thakurgaon Sadar
Matrai,Kalai
Punat,Kalai
Zindarpur,Kalai
Kalai,Kalai
Rukundipur,Akkelpur
Sonamukhi,Akkelpur
Raikali,Akkelpur
Bambu,Jaipurhat Sadar
Amdai,Jaipurhat Sadar
Puranapail,Jaipurhat Sadar
Jalshuka,Ajmiriganj
Ajmiriganj,Ajmiriganj
Badalpur,Ajmiriganj
Kakailseo,Ajmiriganj
Mannargaon,Dowarabazar
Laxmipur,Dowarabazar
Laxmirpur,Dowarabazar
Dwarabazaar,Dowarabazar
Duhalia,Dowarabazar
Derai Sarmangal,Derai
Karimpur,Derai
Tarol,Derai
Kulanj,Derai
Jagdhal,Derai
Rajanagarr,Derai
Habibpur,Shalalla / Sulla
Bahara,Shalalla / Sulla
Sulla,Shalalla / Sulla
Bhara,Kendua
Atgoan,Kendua
Asujia,Kendua
Balaishimul,Kendua
Goraduba,Kendua
Sandikuna,Kendua
Roalbari,Kendua
Maska,Kendua
Kandiura,Kendua
Chirang,Kendua
Jahangirpur,Madan
Madan,Madan
Gobindasri,Madan
Tiasri,Madan
Kaitail,Madan
Sukhari,Atpara
Sarmaisa,Atpara
Duqz,Atpara
Baniangan,Atpara
Sonai,Atpara
Baniagan (east),Atpara
Barhatta,Barhatta
Sahata,Barhatta
Asma,Barhatta
Singdha,Barhatta
Chhiram,Barhatta
Bausi,Barhatta
Mendipur,Khaliajuri
Chakua,Khaliajuri
Khaliajuri,Khaliajuri
Ganapaddi,Nakla
Nakhla-2,Nakla
Urpha,Nakla
Kursabadagair,Nakla
Talki,Nakla
Pathakata,Nakla
Char Ashtadhar,Nakla
Chandrakona,Nakla
Baneshwardi,Nakla
Haligikanda,Jhenaigati
Jhenaigati,Jhenaigati
Dhansail,Jhenaigati
Khansha,Jhenaigati
Kangsha,Jhenaigati
Nalkira,Sribardi
Gauripur,Sribardi
Sribardi,Sribardi
Bhelua,Sribardi
Kharia Karirchar,Sribardi
Gasaipur,Sribardi
Kurikhania,Sribardi
Sidhli,Madarganj
Jorekhali,Madarganj
Adarbhita,Madarganj
Gunaritala,Madarganj
Char Pakerdaha,Madarganj
Karaichara,Madarganj
Nayanagar,Melandah
Durmut,Melandah
Sampur,Melandah
Chinaduli,Islampur
Char Goalini,Islampur
Nilakshmia,Bakshiganj
Bakshiganj,Bakshiganj
Kerurchar,Bakshiganj
Battarjore,Bakshiganj
Dhanua,Bakshiganj
Bagarchar,Bakshiganj
Sadhurpara,Bakshiganj
Par Ramrampur,Bakshiganj
Sahabajpur,Shibpur
Paurashava ward 2,Shibpur
Sharifpur,Shibpur
Ranagachha,Shibpur
Putia,Shibpur
Masimpur,Shibpur
Sadharchar,Shibpur
Dulalpur,Shibpur
Chakradha,Shibpur
Baghaba,Shibpur
Josar,Shibpur
Chinishpur,Narsingdi Sadar
Panch Dona,Narsingdi Sadar
Amdia,Narsingdi Sadar
Madhabdi,Narsingdi Sadar
Meherpara,Narsingdi Sadar
Paikarchar,Narsingdi Sadar
Alokbali,Narsingdi Sadar
Nazarpur,Narsingdi Sadar
Amlaba,Belabo
Bajnaba,Belabo
Binyabaid,Belabo
Patuli,Belabo
Belabo,Belabo
Sallabad,Belabo
Sherkole,Singra
Lalor,Singra
Chhota Hatiandaha,Singra
Chawgram,Singra
Italy,Singra
Ra-Khajuria,Singra
Sukash,Singra
Jamtail,Kamarkhanda
Ray Daulatpur,Kamarkhanda
Jamatail,Kamarkhanda
Jhawail,Kamarkhanda
Bhadraghat,Kamarkhanda
Brahmagacha,Raiganj
Pangashi,Raiganj
Dhangara,Raiganj
Chandaikona,Raiganj
Sonakhara,Raiganj
Dhamainagar,Raiganj
Dhubil,Raiganj
Ghurka,Raiganj
Nalka,Raiganj
Potajra,Shahjadpur
Rupbati,Shahjadpur
Shahjadpur,Shahjadpur
Kayempur,Shahjadpur
Garadha,Shahjadpur
Narnia,Shahjadpur
Beltail,Shahjadpur
Subhagachha,Kazipur
Gandiail,Kazipur
Kazipur,Kazipur
Maizbari,Kazipur
Sonamhukhi,Kazipur
Khas Rajbari,Kazipur
Natuapara,Kazipur
Tekani,Kazipur
Chargrish,Kazipur
Ratankandi,Sirajganj Sadar
Pourashava Ward 07,Sirajganj Sadar
Kawakola,Sirajganj Sadar
Sengacha,Sirajganj Sadar
Kaliaharipur,Sirajganj Sadar
Saidabad,Sirajganj Sadar
Kuptala,Gaibandha Sadar
Lakshmirpur,Gaibandha Sadar
Malibari,Gaibandha Sadar
Kholahati,Gaibandha Sadar
Gidari,Gaibandha Sadar
Badiakhali,Gaibandha Sadar
Pourashava Ward 02,Gaibandha Sadar
Sahapara,Gaibandha Sadar
Pourashava Ward 03,Gaibandha Sadar
Kishoregari,Palashbari
Barisal,Palashbari
Mahadipur,Palashbari
Betkapa,Palashbari
Pabnapur,Palashbari
Phulchhari,Fulchhari
Fazlupur,Fulchhari
Udakhali,Fulchhari
Kanchipara,Fulchhari
Dahabanda,Sundarganj
Belka,Sundarganj
Kanchibari,Sundarganj
Chhaparhati,Sundarganj
Ramjiban,Sundarganj
Sarbanandar,Sundarganj
Bamandanga,Sundarganj
Tarapur,Sundarganj
Kaunia Balapara,Kaunia
Tepa Madhupur,Kaunia
Shahidbagh,Kaunia
Baragach,Kaunia
Sarai,Kaunia
Gajaghanta,Gangachara
Marania,Gangachara
Lakshmitari,Gangachara
Gangachara,Gangachara
Kolkanda,Gangachara
Barabil,Gangachara
Alambiditar,Gangachara
Nohali,Gangachara
Betgari,Gangachara
Khaleya,Gangachara
Shanerhat,Pirganj (R)
Bhendabari,Pirganj (R)
Kumedpur,Pirganj (R)
Madankhali,Pirganj (R)
Chatra,Pirganj (R)
Pirgachha,Pirgachha
Kaikuri,Pirgachha
Tambulpur,Pirgachha
Chhaola,Pirgachha
Annadanagar,Pirgachha
Itakumari,Pirgachha
Kalyani,Pirgachha
Parul,Pirgachha
Atgaon,Bochaganj
Chhatail,Bochaganj
Mushidhat,Bochaganj
Rangaon,Bochaganj
Napanagar,Bochaganj
Ishania,Bochaganj
Farakkabad,Biral
Azimpur,Biral
Dhamair,Biral
Mangalpur,Biral
Sahargram,Biral
Ranipukur,Biral
Biral,Biral
Bhognagar,Biral
Shatagram,Biral
Nijpara,Fulbari
Sujalpur,Fulbari
Habra,Fulbari
Hamidpur,Fulbari
Belaichandi,Parbatipur
Manmathapur,Parbatipur
Shibnagar,Phulbari
Khayerbari,Phulbari
Eluary,Phulbari
Betdighi,Phulbari
Aladipur,Phulbari
Ghoraghat,Ghoraghat
Singha,Ghoraghat
Bulakipur,Ghoraghat
Palsa,Ghoraghat
Boaldar,Ghoraghat
Alihat,Hakimpur
Patichara,Dhamoirhat
Ghoshnagar,Dhamoirhat
Matindhar,Dhamoirhat
Ekbarpur,Dhamoirhat
Dibar,Dhamoirhat
Agradigun,Dhamoirhat
Khelna,Dhamoirhat
Omar,Dhamoirhat
Jahanpur,Dhamoirhat
Dhamoirhat,Dhamoirhat
Aranagar,Dhamoirhat
Nithpur,Porsha
Ganguria,Porsha
Chhaor,Porsha
Ghatnagar,Porsha
Masidpur,Porsha
Gona,Raninagar
Mirat,Raninagar
Ekdala,Raninagar
Kaligram,Raninagar
Raninagar,Raninagar
Bharso,Raninagar
Nurullabad,Raninagar
Prasadpur,Manda
Mainani,Manda
Kansopara,Manda
Kashab,Manda
Tilna,Manda
Raninagar,
Bharso,
Nurullabad,
Prasadpur,
Mainani,
Kansopara,
Kashab,
Tilna,